plot_id	plottype	forest_reserve	survey_trees	survey_deadw	survey_veg	survey_reg	data_processed	period	survey_number	year_dendro	game_impact_veg	game_impact_reg
11000	CA	Kersselaerspleyn	1	0	0	0	1	0	1	1986	0	0
101	CP	Everzwijnbad	1	1	1	1	1	1	1	2002	0	0
102	CP	Everzwijnbad	1	1	1	1	1	1	1	2002	0	0
103	CP	Everzwijnbad	1	1	1	1	1	1	1	2002	0	0
104	CP	Everzwijnbad	1	1	1	1	1	1	1	2002	0	0
105	CP	Everzwijnbad	1	1	1	1	1	1	1	2002	0	0
106	CP	Everzwijnbad	1	1	1	1	1	1	1	2002	0	0
107	CP	Everzwijnbad	1	1	1	1	1	1	1	2002	0	0
108	CP	Everzwijnbad	1	1	1	1	1	1	1	2002	0	0
109	CP	Everzwijnbad	1	1	1	1	1	1	1	2002	0	0
110	CP	Everzwijnbad	1	1	1	1	1	1	1	2002	0	0
111	CP	Everzwijnbad	1	1	1	1	1	1	1	2002	0	0
112	CP	Everzwijnbad	1	1	0	0	1	1	1	2002	0	0
113	CP	Everzwijnbad	1	1	1	1	1	1	1	2002	0	0
114	CP	Everzwijnbad	1	1	1	1	1	1	1	2002	0	0
115	CP	Everzwijnbad	1	1	1	1	1	1	1	2002	0	0
116	CP	Everzwijnbad	1	1	1	1	1	1	1	2002	0	0
117	CP	Everzwijnbad	1	1	1	1	1	1	1	2002	0	0
118	CP	Everzwijnbad	1	1	1	1	1	1	1	2002	0	0
119	CP	Everzwijnbad	1	1	1	1	1	1	1	2002	0	0
120	CP	Everzwijnbad	1	1	1	1	1	1	1	2002	0	0
121	CP	Everzwijnbad	1	1	1	1	1	1	1	2002	0	0
122	CP	Everzwijnbad	1	1	1	1	1	1	1	2002	0	0
123	CP	Everzwijnbad	1	1	1	1	1	1	1	2002	0	0
124	CP	Everzwijnbad	1	1	1	1	1	1	1	2002	0	0
125	CP	Everzwijnbad	1	1	1	1	1	1	1	2002	0	0
126	CP	Everzwijnbad	1	1	1	1	1	1	1	2002	0	0
127	CP	Everzwijnbad	1	1	1	1	1	1	1	2002	0	0
128	CP	Everzwijnbad	1	1	1	1	1	1	1	2002	0	0
129	CP	Everzwijnbad	1	1	1	1	1	1	1	2002	0	0
130	CP	Everzwijnbad	1	1	1	1	1	1	1	2002	0	0
131	CP	Everzwijnbad	1	1	1	1	1	1	1	2002	0	0
132	CP	Everzwijnbad	1	1	1	1	1	1	1	2002	0	0
133	CP	Everzwijnbad	1	1	1	1	1	1	1	2002	0	0
134	CP	Everzwijnbad	1	1	1	1	1	1	1	2002	0	0
135	CP	Everzwijnbad	1	1	1	1	1	1	1	2002	0	0
136	CP	Everzwijnbad	1	1	1	1	1	1	1	2002	0	0
137	CP	Everzwijnbad	1	1	1	1	1	1	1	2002	0	0
138	CP	Everzwijnbad	1	1	1	1	1	1	1	2002	0	0
139	CP	Everzwijnbad	1	1	1	1	1	1	1	2002	0	0
140	CP	Everzwijnbad	1	1	1	1	1	1	1	2002	0	0
141	CP	Everzwijnbad	1	1	1	1	1	1	1	2002	0	0
142	CP	Everzwijnbad	1	1	1	1	1	1	1	2002	0	0
143	CP	Everzwijnbad	1	1	1	1	1	1	1	2002	0	0
144	CP	Everzwijnbad	1	1	1	1	1	1	1	2002	0	0
145	CP	Everzwijnbad	1	1	1	1	1	1	1	2002	0	0
146	CP	Everzwijnbad	1	1	1	1	1	1	1	2002	0	0
147	CP	Everzwijnbad	1	1	1	1	1	1	1	2002	0	0
148	CP	Everzwijnbad	1	1	1	1	1	1	1	2002	0	0
200	CP	Withoefse heide	1	1	1	1	1	1	1	1999	0	0
204	CP	Withoefse heide	1	1	1	1	1	1	1	1999	0	0
205	CP	Withoefse heide	1	1	1	1	1	1	1	1999	0	0
206	CP	Withoefse heide	1	1	1	1	1	1	1	1999	0	0
207	CP	Withoefse heide	1	1	1	1	1	1	1	1999	0	0
209	CP	Withoefse heide	1	1	1	1	1	1	1	1999	0	0
210	CP	Withoefse heide	1	1	1	1	1	1	1	1999	0	0
211	CP	Withoefse heide	1	1	1	1	1	1	1	1999	0	0
212	CP	Withoefse heide	1	1	1	1	1	1	1	1999	0	0
213	CP	Withoefse heide	1	1	1	1	1	1	1	1999	0	0
214	CP	Withoefse heide	1	1	1	1	1	1	1	1999	0	0
215	CP	Withoefse heide	1	1	1	1	1	1	1	1999	0	0
216	CP	Withoefse heide	1	1	1	1	1	1	1	1999	0	0
217	CP	Withoefse heide	1	1	1	1	1	1	1	1999	0	0
218	CP	Withoefse heide	1	1	1	1	1	1	1	1999	0	0
219	CP	Withoefse heide	1	1	1	1	1	1	1	1999	0	0
220	CP	Withoefse heide	1	1	1	1	1	1	1	1999	0	0
221	CP	Withoefse heide	1	1	1	1	1	1	1	1999	0	0
223	CP	Withoefse heide	1	1	1	1	1	1	1	1999	0	0
224	CP	Withoefse heide	1	1	1	1	1	1	1	1999	0	0
225	CP	Withoefse heide	1	1	1	1	1	1	1	1999	0	0
226	CP	Withoefse heide	1	1	1	1	1	1	1	1999	0	0
227	CP	Withoefse heide	1	1	1	1	1	1	1	1999	0	0
228	CP	Withoefse heide	1	1	1	1	1	1	1	1999	0	0
229	CP	Withoefse heide	1	1	1	1	1	1	1	1999	0	0
401	CP	Wijnendalebos	1	1	1	1	1	1	1	2002	0	0
402	CP	Wijnendalebos	1	1	1	1	1	1	1	2002	0	0
403	CP	Wijnendalebos	1	1	1	1	1	1	1	2002	0	0
404	CP	Wijnendalebos	1	1	1	1	1	1	1	2002	0	0
405	CP	Wijnendalebos	1	1	1	1	1	1	1	2002	0	0
406	CP	Wijnendalebos	1	1	1	1	1	1	1	2002	0	0
407	CP	Wijnendalebos	1	1	1	1	1	1	1	2002	0	0
408	CP	Wijnendalebos	1	1	1	1	1	1	1	2002	0	0
409	CP	Wijnendalebos	1	1	1	1	1	1	1	2002	0	0
410	CP	Wijnendalebos	1	1	1	1	1	1	1	2002	0	0
411	CP	Wijnendalebos	1	1	1	1	1	1	1	2002	0	0
412	CP	Wijnendalebos	1	1	1	1	1	1	1	2002	0	0
413	CP	Wijnendalebos	1	1	1	1	1	1	1	2002	0	0
414	CP	Wijnendalebos	1	1	1	1	1	1	1	2002	0	0
415	CP	Wijnendalebos	1	1	1	1	1	1	1	2002	0	0
416	CP	Wijnendalebos	1	1	1	1	1	1	1	2002	0	0
417	CP	Wijnendalebos	1	1	1	1	1	1	1	2002	0	0
418	CP	Wijnendalebos	1	1	1	1	1	1	1	2002	0	0
419	CP	Wijnendalebos	1	1	1	1	1	1	1	2002	0	0
420	CP	Wijnendalebos	1	1	1	1	1	1	1	2002	0	0
421	CP	Wijnendalebos	1	1	1	1	1	1	1	2002	0	0
422	CP	Wijnendalebos	1	1	1	1	1	1	1	2002	0	0
423	CP	Wijnendalebos	1	1	1	1	1	1	1	2002	0	0
425	CP	Wijnendalebos	1	1	1	1	1	1	1	2002	0	0
427	CP	Wijnendalebos	1	1	1	1	1	1	1	2002	0	0
428	CP	Wijnendalebos	1	1	1	1	1	1	1	2002	0	0
429	CP	Wijnendalebos	1	1	1	1	1	1	1	2002	0	0
430	CP	Wijnendalebos	1	1	1	1	1	1	1	2002	0	0
431	CP	Wijnendalebos	1	1	1	1	1	1	1	2002	0	0
432	CP	Wijnendalebos	1	1	1	1	1	1	1	2002	0	0
433	CP	Wijnendalebos	1	1	1	1	1	1	1	2002	0	0
434	CP	Wijnendalebos	1	1	1	1	1	1	1	2002	0	0
435	CP	Wijnendalebos	1	1	1	1	1	1	1	2002	0	0
436	CP	Wijnendalebos	1	1	1	1	1	1	1	2002	0	0
437	CP	Wijnendalebos	1	1	1	1	1	1	1	2002	0	0
438	CP	Wijnendalebos	1	1	1	1	1	1	1	2002	0	0
439	CP	Wijnendalebos	1	1	1	1	1	1	1	2002	0	0
440	CP	Wijnendalebos	1	1	1	1	1	1	1	2002	0	0
441	CP	Wijnendalebos	1	1	1	1	1	1	1	2002	0	0
442	CP	Wijnendalebos	1	1	1	1	1	1	1	2002	0	0
443	CP	Wijnendalebos	1	1	1	1	1	1	1	2002	0	0
444	CP	Wijnendalebos	1	1	1	1	1	1	1	2002	0	0
445	CP	Wijnendalebos	1	1	1	1	1	1	1	2002	0	0
446	CP	Wijnendalebos	1	1	1	1	1	1	1	2002	0	0
447	CP	Wijnendalebos	1	1	1	1	1	1	1	2002	0	0
448	CP	Wijnendalebos	1	1	1	1	1	1	1	2002	0	0
449	CP	Wijnendalebos	1	1	1	1	1	1	1	2002	0	0
450	CP	Wijnendalebos	1	1	1	1	1	1	1	2002	0	0
451	CP	Wijnendalebos	1	1	1	1	1	1	1	2002	0	0
452	CP	Wijnendalebos	1	1	1	1	1	1	1	2002	0	0
453	CP	Wijnendalebos	1	1	1	1	1	1	1	2002	0	0
454	CP	Wijnendalebos	1	1	1	1	1	1	1	2002	0	0
455	CP	Wijnendalebos	1	1	1	1	1	1	1	2002	0	0
456	CP	Wijnendalebos	1	1	1	1	1	1	1	2002	0	0
457	CP	Wijnendalebos	1	1	1	1	1	1	1	2002	0	0
458	CP	Wijnendalebos	1	1	1	1	1	1	1	2002	0	0
459	CP	Wijnendalebos	1	1	1	1	1	1	1	2002	0	0
460	CP	Wijnendalebos	1	1	1	1	1	1	1	2002	0	0
461	CP	Wijnendalebos	1	1	1	1	1	1	1	2002	0	0
462	CP	Wijnendalebos	1	1	1	1	1	1	1	2002	0	0
463	CP	Wijnendalebos	1	1	1	1	1	1	1	2002	0	0
464	CP	Wijnendalebos	1	1	1	1	1	1	1	2002	0	0
465	CP	Wijnendalebos	1	1	1	1	1	1	1	2002	0	0
466	CP	Wijnendalebos	1	1	1	1	1	1	1	2002	0	0
467	CP	Wijnendalebos	1	1	1	1	1	1	1	2002	0	0
468	CP	Wijnendalebos	1	1	1	1	1	1	1	2002	0	0
469	CP	Wijnendalebos	1	1	1	1	1	1	1	2002	0	0
470	CP	Wijnendalebos	1	1	1	1	1	1	1	2002	0	0
471	CP	Wijnendalebos	1	1	1	1	1	1	1	2002	0	0
472	CP	Wijnendalebos	1	1	1	1	1	1	1	2002	0	0
473	CP	Wijnendalebos	1	1	1	1	1	1	1	2002	0	0
474	CP	Wijnendalebos	1	1	1	1	1	1	1	2002	0	0
475	CP	Wijnendalebos	1	1	1	1	1	1	1	2002	0	0
476	CP	Wijnendalebos	1	1	1	1	1	1	1	2002	0	0
477	CP	Wijnendalebos	1	1	1	1	1	1	1	2002	0	0
478	CP	Wijnendalebos	1	1	1	1	1	1	1	2002	0	0
479	CP	Wijnendalebos	1	1	1	1	1	1	1	2002	0	0
480	CP	Wijnendalebos	1	1	1	1	1	1	1	2002	0	0
481	CP	Wijnendalebos	1	1	1	1	1	1	1	2002	0	0
483	CP	Wijnendalebos	1	1	1	1	1	1	1	2002	0	0
484	CP	Wijnendalebos	1	1	1	1	1	1	1	2002	0	0
485	CP	Wijnendalebos	1	1	1	1	1	1	1	2002	0	0
486	CP	Wijnendalebos	1	1	1	1	1	1	1	2002	0	0
487	CP	Wijnendalebos	1	1	1	1	1	1	1	2002	0	0
488	CP	Wijnendalebos	1	1	1	1	1	1	1	2002	0	0
489	CP	Wijnendalebos	1	1	1	1	1	1	1	2002	0	0
490	CP	Wijnendalebos	1	1	1	1	1	1	1	2002	0	0
491	CP	Wijnendalebos	1	1	1	1	1	1	1	2002	0	0
492	CP	Wijnendalebos	1	1	1	1	1	1	1	2002	0	0
493	CP	Wijnendalebos	1	1	1	1	1	1	1	2002	0	0
494	CP	Wijnendalebos	1	1	1	1	1	1	1	2002	0	0
495	CP	Wijnendalebos	1	1	1	1	1	1	1	2002	0	0
496	CP	Wijnendalebos	1	1	1	1	1	1	1	2002	0	0
497	CP	Wijnendalebos	1	1	1	1	1	1	1	2002	0	0
498	CP	Wijnendalebos	1	1	1	1	1	1	1	2002	0	0
499	CP	Wijnendalebos	1	1	1	1	1	1	1	2002	0	0
500	CP	Wijnendalebos	1	1	1	1	1	1	1	2002	0	0
501	CP	Wijnendalebos	1	1	1	1	1	1	1	2002	0	0
502	CP	Wijnendalebos	1	1	1	1	1	1	1	2002	0	0
503	CP	Wijnendalebos	1	1	1	1	1	1	1	2002	0	0
504	CP	Wijnendalebos	1	1	1	1	1	1	1	2002	0	0
505	CP	Wijnendalebos	1	1	1	1	1	1	1	2002	0	0
506	CP	Wijnendalebos	1	1	1	1	1	1	1	2002	0	0
507	CP	Wijnendalebos	1	1	1	1	1	1	1	2002	0	0
508	CP	Wijnendalebos	1	1	1	1	1	1	1	2002	0	0
509	CP	Wijnendalebos	1	1	1	1	1	1	1	2002	0	0
510	CP	Wijnendalebos	1	1	1	1	1	1	1	2002	0	0
511	CP	Wijnendalebos	1	1	1	1	1	1	1	2002	0	0
512	CP	Wijnendalebos	1	1	1	1	1	1	1	2002	0	0
513	CP	Wijnendalebos	1	1	1	1	1	1	1	2002	0	0
514	CP	Wijnendalebos	1	1	1	1	1	1	1	2002	0	0
515	CP	Wijnendalebos	1	1	1	1	1	1	1	2002	0	0
516	CP	Wijnendalebos	1	1	1	1	1	1	1	2002	0	0
517	CP	Wijnendalebos	1	1	1	1	1	1	1	2002	0	0
518	CP	Wijnendalebos	1	1	1	1	1	1	1	2002	0	0
519	CP	Wijnendalebos	1	1	1	1	1	1	1	2002	0	0
520	CP	Wijnendalebos	1	1	1	1	1	1	1	2002	0	0
521	CP	Wijnendalebos	1	1	1	1	1	1	1	2002	0	0
522	CP	Wijnendalebos	1	1	1	1	1	1	1	2002	0	0
523	CP	Wijnendalebos	1	1	1	1	1	1	1	2002	0	0
701	CP	Heirnisse	1	1	1	1	1	1	1	2003	0	0
702	CP	Heirnisse	1	1	1	1	1	1	1	2003	0	0
703	CP	Heirnisse	1	1	1	1	1	1	1	2003	0	0
704	CP	Heirnisse	1	1	1	1	1	1	1	2003	0	0
705	CP	Heirnisse	1	1	1	1	1	1	1	2003	0	0
706	CP	Heirnisse	1	1	1	1	1	1	1	2003	0	0
707	CP	Heirnisse	1	1	1	1	1	1	1	2003	0	0
708	CP	Heirnisse	1	1	1	1	1	1	1	2003	0	0
709	CP	Heirnisse	1	1	1	1	1	1	1	2003	0	0
710	CP	Heirnisse	1	1	1	1	1	1	1	2003	0	0
711	CP	Heirnisse	1	1	1	1	1	1	1	2003	0	0
712	CP	Heirnisse	1	1	1	1	1	1	1	2003	0	0
713	CP	Heirnisse	1	1	1	1	1	1	1	2003	0	0
714	CP	Heirnisse	1	1	1	1	1	1	1	2003	0	0
715	CP	Heirnisse	1	1	1	1	1	1	1	2003	0	0
716	CP	Heirnisse	1	1	1	1	1	1	1	2003	0	0
717	CP	Heirnisse	1	1	1	1	1	1	1	2003	0	0
718	CP	Heirnisse	1	1	1	1	1	1	1	2003	0	0
719	CP	Heirnisse	1	1	1	1	1	1	1	2003	0	0
720	CP	Heirnisse	1	1	1	1	1	1	1	2003	0	0
721	CP	Heirnisse	1	1	1	1	1	1	1	2003	0	0
722	CP	Heirnisse	1	1	1	1	1	1	1	2003	0	0
723	CP	Heirnisse	1	1	1	1	1	1	1	2003	0	0
724	CP	Heirnisse	1	1	1	1	1	1	1	2003	0	0
725	CP	Heirnisse	1	1	1	1	1	1	1	2003	0	0
726	CP	Heirnisse	1	1	1	1	1	1	1	2003	0	0
727	CP	Heirnisse	1	1	1	1	1	1	1	2003	0	0
728	CP	Heirnisse	1	1	1	1	1	1	1	2003	0	0
729	CP	Heirnisse	1	1	1	1	1	1	1	2003	0	0
730	CP	Heirnisse	1	1	1	1	1	1	1	2003	0	0
731	CP	Heirnisse	1	1	1	1	1	1	1	2003	0	0
732	CP	Heirnisse	1	1	1	1	1	1	1	2003	0	0
733	CP	Heirnisse	1	1	1	1	1	1	1	2003	0	0
734	CP	Heirnisse	1	1	1	1	1	1	1	2003	0	0
735	CP	Heirnisse	1	1	1	1	1	1	1	2003	0	0
736	CP	Heirnisse	1	1	1	1	1	1	1	2003	0	0
737	CP	Heirnisse	1	1	1	1	1	1	1	2003	0	0
738	CP	Heirnisse	1	1	1	1	1	1	1	2003	0	0
739	CP	Heirnisse	1	1	1	1	1	1	1	2003	0	0
740	CP	Heirnisse	1	1	1	1	1	1	1	2003	0	0
741	CP	Heirnisse	1	1	1	1	1	1	1	2003	0	0
742	CP	Heirnisse	1	1	1	1	1	1	1	2003	0	0
743	CP	Heirnisse	1	1	1	1	1	1	1	2003	0	0
744	CP	Heirnisse	1	1	1	1	1	1	1	2003	0	0
745	CP	Heirnisse	1	1	1	1	1	1	1	2003	0	0
746	CP	Heirnisse	1	1	1	1	1	1	1	2003	0	0
747	CP	Heirnisse	1	1	1	1	1	1	1	2003	0	0
748	CP	Heirnisse	1	1	1	1	1	1	1	2003	0	0
749	CP	Heirnisse	1	1	1	1	1	1	1	2003	0	0
750	CP	Heirnisse	1	1	1	1	1	1	1	2003	0	0
751	CP	Heirnisse	1	1	1	1	1	1	1	2003	0	0
752	CP	Heirnisse	1	1	1	1	1	1	1	2003	0	0
753	CP	Heirnisse	1	1	1	1	1	1	1	2003	0	0
754	CP	Heirnisse	1	1	1	1	1	1	1	2003	0	0
755	CP	Heirnisse	1	1	1	1	1	1	1	2003	0	0
756	CP	Heirnisse	1	1	1	1	1	1	1	2003	0	0
757	CP	Heirnisse	1	1	1	1	1	1	1	2003	0	0
758	CP	Heirnisse	1	1	1	1	1	1	1	2003	0	0
759	CP	Heirnisse	1	1	1	1	1	1	1	2003	0	0
760	CP	Heirnisse	1	1	1	1	1	1	1	2003	0	0
761	CP	Heirnisse	1	1	1	1	1	1	1	2003	0	0
762	CP	Heirnisse	1	1	1	1	1	1	1	2003	0	0
763	CP	Heirnisse	1	1	1	1	1	1	1	2003	0	0
764	CP	Heirnisse	1	1	1	1	1	1	1	2003	0	0
765	CP	Heirnisse	1	1	1	1	1	1	1	2003	0	0
766	CP	Heirnisse	1	1	1	1	1	1	1	2003	0	0
767	CP	Heirnisse	1	1	1	1	1	1	1	2003	0	0
768	CP	Heirnisse	1	1	1	1	1	1	1	2003	0	0
801	CP	Jansheideberg	1	1	1	1	1	1	1	2004	0	0
802	CP	Jansheideberg	1	1	1	1	1	1	1	2004	0	0
803	CP	Jansheideberg	1	1	1	1	1	1	1	2004	0	0
804	CP	Jansheideberg	1	1	1	1	1	1	1	2004	0	0
805	CP	Jansheideberg	1	1	1	1	1	1	1	2004	0	0
806	CP	Jansheideberg	1	1	1	1	1	1	1	2004	0	0
807	CP	Jansheideberg	1	1	1	1	1	1	1	2004	0	0
808	CP	Jansheideberg	1	1	1	1	1	1	1	2004	0	0
809	CP	Jansheideberg	1	1	1	1	1	1	1	2004	0	0
810	CP	Jansheideberg	1	1	1	1	1	1	1	2004	0	0
811	CP	Jansheideberg	1	1	1	1	1	1	1	2004	0	0
812	CP	Jansheideberg	1	1	1	1	1	1	1	2004	0	0
813	CP	Jansheideberg	1	1	1	1	1	1	1	2004	0	0
814	CP	Jansheideberg	1	1	1	1	1	1	1	2004	0	0
815	CP	Jansheideberg	1	1	1	1	1	1	1	2004	0	0
816	CP	Jansheideberg	1	1	1	1	1	1	1	2004	0	0
817	CP	Jansheideberg	1	1	1	1	1	1	1	2004	0	0
818	CP	Jansheideberg	1	1	1	1	1	1	1	2004	0	0
819	CP	Jansheideberg	1	1	1	1	1	1	1	2004	0	0
820	CP	Jansheideberg	1	1	1	1	1	1	1	2004	0	0
821	CP	Jansheideberg	1	1	1	1	1	1	1	2004	0	0
822	CP	Jansheideberg	1	1	1	1	1	1	1	2004	0	0
823	CP	Jansheideberg	1	1	1	1	1	1	1	2004	0	0
824	CP	Jansheideberg	1	1	1	1	1	1	1	2004	0	0
825	CP	Jansheideberg	1	1	1	1	1	1	1	2004	0	0
826	CP	Jansheideberg	1	1	1	1	1	1	1	2004	0	0
827	CP	Jansheideberg	1	1	1	1	1	1	1	2004	0	0
828	CP	Jansheideberg	1	1	1	1	1	1	1	2004	0	0
829	CP	Jansheideberg	1	1	1	1	1	1	1	2004	0	0
830	CP	Jansheideberg	1	1	1	1	1	1	1	2004	0	0
831	CP	Jansheideberg	1	1	1	1	1	1	1	2004	0	0
832	CP	Jansheideberg	1	1	1	1	1	1	1	2004	0	0
833	CP	Jansheideberg	1	1	1	1	1	1	1	2004	0	0
841	CP	Bos Terrijst	1	1	1	1	1	1	1	2004	0	0
842	CP	Bos Terrijst	1	1	1	1	1	1	1	2004	0	0
843	CP	Bos Terrijst	1	1	1	1	1	1	1	2004	0	0
844	CP	Bos Terrijst	1	1	1	1	1	1	1	2004	0	0
845	CP	Bos Terrijst	1	1	1	1	1	1	1	2004	0	0
846	CP	Bos Terrijst	1	1	1	1	1	1	1	2004	0	0
847	CP	Bos Terrijst	1	1	1	1	1	1	1	2004	0	0
848	CP	Bos Terrijst	1	1	1	1	1	1	1	2004	0	0
849	CP	Bos Terrijst	1	1	1	1	1	1	1	2004	0	0
850	CP	Bos Terrijst	1	1	1	1	1	1	1	2004	0	0
851	CP	Bos Terrijst	1	1	1	1	1	1	1	2004	0	0
852	CP	Bos Terrijst	1	1	1	1	1	1	1	2004	0	0
853	CP	Bos Terrijst	1	1	1	1	1	1	1	2004	0	0
854	CP	Bos Terrijst	1	1	1	1	1	1	1	2004	0	0
855	CP	Bos Terrijst	1	1	1	1	1	1	1	2004	0	0
856	CP	Bos Terrijst	1	1	1	1	1	1	1	2004	0	0
857	CP	Bos Terrijst	1	1	1	1	1	1	1	2004	0	0
858	CP	Bos Terrijst	1	1	1	1	1	1	1	2004	0	0
859	CP	Bos Terrijst	1	1	1	1	1	1	1	2004	0	0
860	CP	Bos Terrijst	1	1	1	1	1	1	1	2004	0	0
861	CP	Bos Terrijst	1	1	1	1	1	1	1	2004	0	0
862	CP	Bos Terrijst	1	1	1	1	1	1	1	2004	0	0
863	CP	Bos Terrijst	1	1	1	1	1	1	1	2004	0	0
864	CP	Bos Terrijst	1	1	1	1	1	1	1	2004	0	0
865	CP	Bos Terrijst	1	1	1	1	1	1	1	2004	0	0
866	CP	Bos Terrijst	1	1	1	1	1	1	1	2004	0	0
867	CP	Bos Terrijst	1	1	1	1	1	1	1	2004	0	0
868	CP	Bos Terrijst	1	1	1	1	1	1	1	2004	0	0
869	CP	Bos Terrijst	1	1	1	1	1	1	1	2004	0	0
870	CP	Bos Terrijst	1	1	1	1	1	1	1	2004	0	0
871	CP	Bos Terrijst	1	1	1	1	1	1	1	2004	0	0
872	CP	Bos Terrijst	1	1	1	1	1	1	1	2004	0	0
873	CP	Bos Terrijst	1	1	1	1	1	1	1	2004	0	0
874	CP	Bos Terrijst	1	1	1	1	1	1	1	2004	0	0
875	CP	Bos Terrijst	1	1	1	1	1	1	1	2004	0	0
876	CP	Bos Terrijst	1	1	1	1	1	1	1	2004	0	0
877	CP	Bos Terrijst	1	1	1	1	1	1	1	2004	0	0
878	CP	Bos Terrijst	1	1	1	1	1	1	1	2004	0	0
879	CP	Bos Terrijst	1	1	1	1	1	1	1	2004	0	0
880	CP	Bos Terrijst	1	1	1	1	1	1	1	2004	0	0
881	CP	Bos Terrijst	1	1	1	1	1	1	1	2004	0	0
882	CP	Bos Terrijst	1	1	1	1	1	1	1	2004	0	0
883	CP	Bos Terrijst	1	1	1	1	1	1	1	2004	0	0
884	CP	Bos Terrijst	1	1	1	1	1	1	1	2004	0	0
885	CP	Bos Terrijst	1	1	1	1	1	1	1	2004	0	0
886	CP	Bos Terrijst	1	1	1	1	1	1	1	2004	0	0
887	CP	Bos Terrijst	1	1	1	1	1	1	1	2004	0	0
888	CP	Bos Terrijst	1	1	1	1	1	1	1	2004	0	0
889	CP	Bos Terrijst	1	1	1	1	1	1	1	2004	0	0
890	CP	Bos Terrijst	1	1	1	1	1	1	1	2004	0	0
901	CP	Pruikemakers	1	1	1	1	1	1	1	2005	0	0
902	CP	Pruikemakers	1	1	1	1	1	1	1	2005	0	0
903	CP	Pruikemakers	1	1	1	1	1	1	1	2005	0	0
904	CP	Pruikemakers	1	1	1	1	1	1	1	2005	0	0
905	CP	Pruikemakers	1	1	1	1	1	1	1	2005	0	0
906	CP	Pruikemakers	1	1	1	1	1	1	1	2005	0	0
907	CP	Pruikemakers	1	1	1	1	1	1	1	2005	0	0
908	CP	Pruikemakers	1	1	1	1	1	1	1	2005	0	0
909	CP	Pruikemakers	1	1	1	1	1	1	1	2005	0	0
910	CP	Pruikemakers	1	1	1	1	1	1	1	2005	0	0
911	CP	Pruikemakers	1	1	1	1	1	1	1	2005	0	0
912	CP	Pruikemakers	1	1	1	1	1	1	1	2005	0	0
913	CP	Pruikemakers	1	1	1	1	1	1	1	2005	0	0
914	CP	Pruikemakers	1	1	1	1	1	1	1	2005	0	0
915	CP	Pruikemakers	1	1	1	1	1	1	1	2005	0	0
916	CP	Pruikemakers	1	1	1	1	1	1	1	2005	0	0
917	CP	Pruikemakers	1	1	1	1	1	1	1	2005	0	0
918	CP	Pruikemakers	1	1	1	1	1	1	1	2005	0	0
919	CP	Pruikemakers	1	1	1	1	1	1	1	2005	0	0
920	CP	Pruikemakers	1	1	1	1	1	1	1	2005	0	0
921	CP	Pruikemakers	1	1	1	1	1	1	1	2005	0	0
922	CP	Pruikemakers	1	1	1	1	1	1	1	2005	0	0
923	CP	Pruikemakers	1	1	1	1	1	1	1	2005	0	0
924	CP	Pruikemakers	1	1	1	1	1	1	1	2005	0	0
925	CP	Pruikemakers	1	1	1	1	1	1	1	2005	0	0
926	CP	Pruikemakers	1	1	1	1	1	1	1	2005	0	0
927	CP	Pruikemakers	1	1	1	1	1	1	1	2005	0	0
928	CP	Pruikemakers	1	1	1	1	1	1	1	2005	0	0
929	CP	Pruikemakers	1	1	1	1	1	1	1	2005	0	0
930	CP	Pruikemakers	1	1	1	1	1	1	1	2005	0	0
931	CP	Pruikemakers	1	1	1	1	1	1	1	2005	0	0
932	CP	Pruikemakers	1	1	1	1	1	1	1	2005	0	0
933	CP	Pruikemakers	1	1	1	1	1	1	1	2005	0	0
934	CP	Pruikemakers	1	1	1	1	1	1	1	2005	0	0
935	CP	Pruikemakers	1	1	1	1	1	1	1	2005	0	0
936	CP	Pruikemakers	1	1	1	1	1	1	1	2005	0	0
937	CP	Pruikemakers	1	1	1	1	1	1	1	2005	0	0
938	CP	Pruikemakers	1	1	1	1	1	1	1	2005	0	0
939	CP	Pruikemakers	1	1	1	1	1	1	1	2005	0	0
940	CP	Pruikemakers	1	1	1	1	1	1	1	2005	0	0
941	CP	Pruikemakers	1	1	1	1	1	1	1	2005	0	0
942	CP	Pruikemakers	1	1	1	1	1	1	1	2005	0	0
943	CP	Pruikemakers	1	1	1	1	1	1	1	2005	0	0
944	CP	Pruikemakers	1	1	1	1	1	1	1	2005	0	0
945	CP	Pruikemakers	1	1	1	1	1	1	1	2005	0	0
946	CP	Pruikemakers	1	1	0	0	1	1	1	2005	0	0
947	CP	Pruikemakers	1	1	1	1	1	1	1	2005	0	0
948	CP	Pruikemakers	1	1	1	1	1	1	1	2005	0	0
949	CP	Pruikemakers	1	1	1	1	1	1	1	2005	0	0
950	CP	Pruikemakers	1	1	1	1	1	1	1	2005	0	0
951	CP	Pruikemakers	1	1	1	1	1	1	1	2005	0	0
952	CP	Pruikemakers	1	1	1	1	1	1	1	2005	0	0
953	CP	Pruikemakers	1	1	1	1	1	1	1	2005	0	0
954	CP	Pruikemakers	1	1	1	1	1	1	1	2005	0	0
955	CP	Pruikemakers	1	1	1	1	1	1	1	2005	0	0
956	CP	Pruikemakers	1	1	1	1	1	1	1	2005	0	0
957	CP	Pruikemakers	1	1	0	0	1	1	1	2005	0	0
958	CP	Pruikemakers	1	1	1	1	1	1	1	2005	0	0
959	CP	Pruikemakers	1	1	1	1	1	1	1	2005	0	0
960	CP	Pruikemakers	1	1	1	1	1	1	1	2005	0	0
961	CP	Pruikemakers	1	1	1	1	1	1	1	2005	0	0
962	CP	Pruikemakers	1	1	1	1	1	1	1	2005	0	0
963	CP	Pruikemakers	1	1	1	1	1	1	1	2005	0	0
964	CP	Pruikemakers	1	1	1	1	1	1	1	2005	0	0
965	CP	Pruikemakers	1	1	1	1	1	1	1	2005	0	0
966	CP	Pruikemakers	1	1	1	1	1	1	1	2005	0	0
1003	CP	Liedekerke	1	1	1	1	1	1	1	2006	0	0
1004	CP	Liedekerke	1	1	1	1	1	1	1	2006	0	0
1005	CP	Liedekerke	1	1	1	1	1	1	1	2006	0	0
1008	CP	Liedekerke	1	1	1	1	1	1	1	2006	0	0
1009	CP	Liedekerke	1	1	1	1	1	1	1	2006	0	0
1011	CP	Liedekerke	1	1	1	1	1	1	1	2006	0	0
1018	CP	Liedekerke	1	1	1	1	1	1	1	2006	0	0
1019	CP	Liedekerke	1	1	1	1	1	1	1	2006	0	0
1022	CP	Liedekerke	1	1	1	1	1	1	1	2006	0	0
1023	CP	Liedekerke	1	1	1	1	1	1	1	2006	0	0
1024	CP	Liedekerke	1	1	1	1	1	1	1	2006	0	0
1026	CP	Liedekerke	1	1	1	1	1	1	1	2006	0	0
1027	CP	Liedekerke	1	1	1	1	1	1	1	2006	0	0
1028	CP	Liedekerke	1	1	1	1	1	1	1	2006	0	0
1029	CP	Liedekerke	1	1	1	1	1	1	1	2006	0	0
1032	CP	Liedekerke	1	1	1	1	1	1	1	2006	0	0
1035	CP	Liedekerke	1	1	1	1	1	1	1	2006	0	0
1037	CP	Liedekerke	1	1	1	1	1	1	1	2006	0	0
1041	CP	Liedekerke	1	1	1	1	1	1	1	2006	0	0
1044	CP	Liedekerke	1	1	1	1	1	1	1	2006	0	0
1046	CP	Liedekerke	1	1	1	1	1	1	1	2006	0	0
1051	CP	Liedekerke	1	1	1	1	1	1	1	2006	0	0
1052	CP	Liedekerke	1	1	1	1	1	1	1	2006	0	0
1053	CP	Liedekerke	1	1	1	1	1	1	1	2006	0	0
1058	CP	Liedekerke	1	1	1	1	1	1	1	2006	0	0
1059	CP	Liedekerke	1	1	1	1	1	1	1	2006	0	0
1060	CP	Liedekerke	1	1	1	1	1	1	1	2006	0	0
1062	CP	Liedekerke	1	1	1	1	1	1	1	2006	0	0
1063	CP	Liedekerke	1	1	1	1	1	1	1	2006	0	0
1065	CP	Liedekerke	1	1	1	1	1	1	1	2006	0	0
1101	CP	Sevendonck	1	1	1	1	1	1	1	2007	0	0
1102	CP	Sevendonck	1	1	1	1	1	1	1	2007	0	0
1103	CP	Sevendonck	1	1	1	1	1	1	1	2007	0	0
1104	CP	Sevendonck	1	1	1	1	1	1	1	2007	0	0
1105	CP	Sevendonck	1	1	1	1	1	1	1	2007	0	0
1106	CP	Sevendonck	1	1	1	1	1	1	1	2007	0	0
1107	CP	Sevendonck	1	1	1	1	1	1	1	2007	0	0
1108	CP	Sevendonck	1	1	1	1	1	1	1	2007	0	0
1109	CP	Sevendonck	1	1	1	1	1	1	1	2007	0	0
1110	CP	Sevendonck	1	1	1	1	1	1	1	2007	0	0
1111	CP	Sevendonck	1	1	1	1	1	1	1	2007	0	0
1112	CP	Sevendonck	1	1	1	1	1	1	1	2007	0	0
1113	CP	Sevendonck	1	1	1	1	1	1	1	2007	0	0
1114	CP	Sevendonck	1	1	1	1	1	1	1	2007	0	0
1115	CP	Sevendonck	1	1	1	1	1	1	1	2007	0	0
1116	CP	Sevendonck	1	1	1	1	1	1	1	2007	0	0
1117	CP	Sevendonck	1	1	1	1	1	1	1	2007	0	0
1118	CP	Sevendonck	1	1	1	1	1	1	1	2007	0	0
1119	CP	Sevendonck	1	1	1	1	1	1	1	2007	0	0
1120	CP	Sevendonck	1	1	1	1	1	1	1	2007	0	0
1121	CP	Sevendonck	1	1	1	1	1	1	1	2007	0	0
1122	CP	Sevendonck	1	1	1	1	1	1	1	2007	0	0
1123	CP	Sevendonck	1	1	1	1	1	1	1	2007	0	0
1124	CP	Sevendonck	1	1	1	1	1	1	1	2007	0	0
1125	CP	Sevendonck	1	1	1	1	1	1	1	2007	0	0
1126	CP	Sevendonck	1	1	1	1	1	1	1	2007	0	0
1127	CP	Sevendonck	1	1	1	1	1	1	1	2007	0	0
1128	CP	Sevendonck	1	1	1	1	1	1	1	2007	0	0
1129	CP	Sevendonck	1	1	1	1	1	1	1	2007	0	0
1130	CP	Sevendonck	1	1	1	1	1	1	1	2007	0	0
1131	CP	Sevendonck	1	1	1	1	1	1	1	2007	0	0
1132	CP	Sevendonck	1	1	1	1	1	1	1	2007	0	0
1133	CP	Sevendonck	1	1	1	1	1	1	1	2007	0	0
1134	CP	Sevendonck	1	1	1	1	1	1	1	2007	0	0
1135	CP	Sevendonck	1	1	1	1	1	1	1	2007	0	0
1136	CP	Sevendonck	1	1	1	1	1	1	1	2007	0	0
1137	CP	Sevendonck	1	1	1	1	1	1	1	2007	0	0
1138	CP	Sevendonck	1	1	1	1	1	1	1	2007	0	0
1139	CP	Sevendonck	1	1	1	1	1	1	1	2007	0	0
1140	CP	Sevendonck	1	1	1	1	1	1	1	2007	0	0
1141	CP	Sevendonck	1	1	1	1	1	1	1	2007	0	0
1142	CP	Sevendonck	1	1	1	1	1	1	1	2007	0	0
1143	CP	Sevendonck	1	1	1	1	1	1	1	2007	0	0
1144	CP	Sevendonck	1	1	1	1	1	1	1	2007	0	0
1145	CP	Sevendonck	1	1	1	1	1	1	1	2007	0	0
1146	CP	Sevendonck	1	1	1	1	1	1	1	2007	0	0
1147	CP	Sevendonck	1	1	1	1	1	1	1	2007	0	0
1148	CP	Sevendonck	1	1	1	1	1	1	1	2007	0	0
1149	CP	Sevendonck	1	1	1	1	1	1	1	2007	0	0
1150	CP	Sevendonck	1	1	1	1	1	1	1	2007	0	0
1151	CP	Sevendonck	1	1	1	1	1	1	1	2007	0	0
1152	CP	Sevendonck	1	1	1	1	1	1	1	2007	0	0
1153	CP	Sevendonck	1	1	1	1	1	1	1	2007	0	0
1154	CP	Sevendonck	1	1	1	1	1	1	1	2007	0	0
1155	CP	Sevendonck	1	1	1	1	1	1	1	2007	0	0
1156	CP	Sevendonck	1	1	1	1	1	1	1	2007	0	0
1157	CP	Sevendonck	1	1	1	1	1	1	1	2007	0	0
1158	CP	Sevendonck	1	1	1	1	1	1	1	2007	0	0
1159	CP	Sevendonck	1	1	1	1	1	1	1	2007	0	0
1160	CP	Sevendonck	1	1	1	1	1	1	1	2007	0	0
1161	CP	Sevendonck	1	1	1	1	1	1	1	2007	0	0
1162	CP	Sevendonck	1	1	1	1	1	1	1	2007	0	0
1163	CP	Sevendonck	1	1	1	1	1	1	1	2007	0	0
1164	CP	Sevendonck	1	1	1	1	1	1	1	2007	0	0
1165	CP	Sevendonck	1	1	1	1	1	1	1	2007	0	0
1166	CP	Sevendonck	1	1	1	1	1	1	1	2007	0	0
1167	CP	Sevendonck	1	1	1	1	1	1	1	2007	0	0
1168	CP	Sevendonck	1	1	1	1	1	1	1	2007	0	0
1169	CP	Sevendonck	1	1	1	1	1	1	1	2007	0	0
1170	CP	Sevendonck	1	1	1	1	1	1	1	2007	0	0
1171	CP	Sevendonck	1	1	1	1	1	1	1	2007	0	0
1172	CP	Sevendonck	1	1	1	1	1	1	1	2007	0	0
1173	CP	Sevendonck	1	1	1	1	1	1	1	2007	0	0
1174	CP	Sevendonck	1	1	1	1	1	1	1	2007	0	0
1175	CP	Sevendonck	1	1	1	1	1	1	1	2007	0	0
1176	CP	Sevendonck	1	1	1	1	1	1	1	2007	0	0
1177	CP	Sevendonck	1	1	1	1	1	1	1	2007	0	0
1178	CP	Sevendonck	1	1	1	1	1	1	1	2007	0	0
1201	CP	Muizenbos	1	1	1	1	1	1	1	2007	0	0
1202	CP	Muizenbos	1	1	1	1	1	1	1	2007	0	0
1203	CP	Muizenbos	1	1	1	1	1	1	1	2007	0	0
1204	CP	Muizenbos	1	1	1	1	1	1	1	2007	0	0
1205	CP	Muizenbos	1	1	1	1	1	1	1	2007	0	0
1206	CP	Muizenbos	1	1	1	1	1	1	1	2007	0	0
1207	CP	Muizenbos	1	1	1	1	1	1	1	2007	0	0
1208	CP	Muizenbos	1	1	1	1	1	1	1	2007	0	0
1209	CP	Muizenbos	1	1	1	1	1	1	1	2007	0	0
1210	CP	Muizenbos	1	1	1	1	1	1	1	2007	0	0
1211	CP	Muizenbos	1	1	1	1	1	1	1	2007	0	0
1212	CP	Muizenbos	1	1	1	1	1	1	1	2007	0	0
1213	CP	Muizenbos	1	1	1	1	1	1	1	2007	0	0
1214	CP	Muizenbos	1	1	1	1	1	1	1	2007	0	0
1215	CP	Muizenbos	1	1	1	1	1	1	1	2007	0	0
1216	CP	Muizenbos	1	1	1	1	1	1	1	2007	0	0
1217	CP	Muizenbos	1	1	1	1	1	1	1	2007	0	0
1218	CP	Muizenbos	1	1	1	1	1	1	1	2007	0	0
1219	CP	Muizenbos	1	1	1	1	1	1	1	2007	0	0
1220	CP	Muizenbos	1	1	1	1	1	1	1	2007	0	0
1221	CP	Muizenbos	1	1	1	1	1	1	1	2007	0	0
1222	CP	Muizenbos	1	1	1	1	1	1	1	2007	0	0
1223	CP	Muizenbos	1	1	1	1	1	1	1	2007	0	0
1224	CP	Muizenbos	1	1	1	1	1	1	1	2007	0	0
1225	CP	Muizenbos	1	1	1	1	1	1	1	2007	0	0
1226	CP	Muizenbos	1	1	1	1	1	1	1	2007	0	0
1227	CP	Muizenbos	1	1	1	1	1	1	1	2007	0	0
1228	CP	Muizenbos	1	1	1	1	1	1	1	2007	0	0
1229	CP	Muizenbos	1	1	1	1	1	1	1	2007	0	0
1230	CP	Muizenbos	1	1	1	1	1	1	1	2007	0	0
1231	CP	Muizenbos	1	1	1	1	1	1	1	2007	0	0
1232	CP	Muizenbos	1	1	1	1	1	1	1	2007	0	0
1233	CP	Muizenbos	1	1	1	1	1	1	1	2007	0	0
1234	CP	Muizenbos	1	1	1	1	1	1	1	2007	0	0
1235	CP	Muizenbos	1	1	1	1	1	1	1	2007	0	0
1236	CP	Muizenbos	1	1	1	1	1	1	1	2007	0	0
1237	CP	Muizenbos	1	1	1	1	1	1	1	2007	0	0
1238	CP	Muizenbos	1	1	1	1	1	1	1	2007	0	0
1239	CP	Muizenbos	1	1	1	1	1	1	1	2007	0	0
1240	CP	Muizenbos	1	1	1	1	1	1	1	2007	0	0
1241	CP	Muizenbos	1	1	1	1	1	1	1	2007	0	0
1242	CP	Muizenbos	1	1	1	1	1	1	1	2007	0	0
1243	CP	Muizenbos	1	1	1	1	1	1	1	2007	0	0
1244	CP	Muizenbos	1	1	1	1	1	1	1	2007	0	0
1245	CP	Muizenbos	1	1	1	1	1	1	1	2007	0	0
1246	CP	Muizenbos	1	1	1	1	1	1	1	2007	0	0
1301	CP	Ename	0	0	0	0	0	1	NA	NA	0	0
1302	CP	Ename	0	0	0	0	0	1	NA	NA	0	0
1303	CP	Ename	0	0	0	0	0	1	NA	NA	0	0
1304	CP	Ename	0	0	0	0	0	1	NA	NA	0	0
1305	CP	Ename	0	0	0	0	0	1	NA	NA	0	0
1306	CP	Ename	0	0	0	0	0	1	NA	NA	0	0
1307	CP	Ename	0	0	0	0	0	1	NA	NA	0	0
1308	CP	Ename	0	0	0	0	0	1	NA	NA	0	0
1309	CP	Ename	0	0	0	0	0	1	NA	NA	0	0
1310	CP	Ename	0	0	0	0	0	1	NA	NA	0	0
1311	CP	Ename	0	0	0	0	0	1	NA	NA	0	0
1312	CP	Ename	0	0	0	0	0	1	NA	NA	0	0
1313	CP	Ename	0	0	0	0	0	1	NA	NA	0	0
1314	CP	Ename	0	0	0	0	0	1	NA	NA	0	0
1315	CP	Ename	0	0	0	0	0	1	NA	NA	0	0
1316	CP	Ename	0	0	0	0	0	1	NA	NA	0	0
1317	CP	Ename	0	0	0	0	0	1	NA	NA	0	0
1318	CP	Ename	0	0	0	0	0	1	NA	NA	0	0
1319	CP	Ename	0	0	0	0	0	1	NA	NA	0	0
1320	CP	Ename	0	0	0	0	0	1	NA	NA	0	0
1321	CP	Ename	0	0	0	0	0	1	NA	NA	0	0
1322	CP	Ename	0	0	0	0	0	1	NA	NA	0	0
1323	CP	Ename	0	0	0	0	0	1	NA	NA	0	0
1324	CP	Ename	0	0	0	0	0	1	NA	NA	0	0
1325	CP	Ename	0	0	0	0	0	1	NA	NA	0	0
1326	CP	Ename	0	0	0	0	0	1	NA	NA	0	0
1327	CP	Ename	0	0	0	0	0	1	NA	NA	0	0
1328	CP	Ename	0	0	0	0	0	1	NA	NA	0	0
1329	CP	Ename	0	0	0	0	0	1	NA	NA	0	0
1330	CP	Ename	0	0	0	0	0	1	NA	NA	0	0
1331	CP	Ename	0	0	0	0	0	1	NA	NA	0	0
1332	CP	Ename	0	0	0	0	0	1	NA	NA	0	0
1333	CP	Ename	0	0	0	0	0	1	NA	NA	0	0
1334	CP	Ename	0	0	0	0	0	1	NA	NA	0	0
1335	CP	Ename	0	0	0	0	0	1	NA	NA	0	0
1336	CP	Ename	0	0	0	0	0	1	NA	NA	0	0
1337	CP	Ename	0	0	0	0	0	1	NA	NA	0	0
1338	CP	Ename	0	0	0	0	0	1	NA	NA	0	0
1339	CP	Ename	0	0	0	0	0	1	NA	NA	0	0
1340	CP	Ename	0	0	0	0	0	1	NA	NA	0	0
1341	CP	Ename	0	0	0	0	0	1	NA	NA	0	0
1342	CP	Ename	0	0	0	0	0	1	NA	NA	0	0
1343	CP	Ename	0	0	0	0	0	1	NA	NA	0	0
1344	CP	Ename	0	0	0	0	0	1	NA	NA	0	0
1345	CP	Ename	0	0	0	0	0	1	NA	NA	0	0
1346	CP	Ename	0	0	0	0	0	1	NA	NA	0	0
1347	CP	Ename	0	0	0	0	0	1	NA	NA	0	0
1348	CP	Ename	0	0	0	0	0	1	NA	NA	0	0
1349	CP	Ename	0	0	0	0	0	1	NA	NA	0	0
1350	CP	Ename	0	0	0	0	0	1	NA	NA	0	0
1351	CP	Ename	0	0	0	0	0	1	NA	NA	0	0
1352	CP	Ename	0	0	0	0	0	1	NA	NA	0	0
1353	CP	Ename	0	0	0	0	0	1	NA	NA	0	0
1354	CP	Ename	0	0	0	0	0	1	NA	NA	0	0
1355	CP	Ename	0	0	0	0	0	1	NA	NA	0	0
1356	CP	Ename	0	0	0	0	0	1	NA	NA	0	0
1357	CP	Ename	0	0	0	0	0	1	NA	NA	0	0
1358	CP	Ename	0	0	0	0	0	1	NA	NA	0	0
1359	CP	Ename	0	0	0	0	0	1	NA	NA	0	0
1360	CP	Ename	0	0	0	0	0	1	NA	NA	0	0
1361	CP	Ename	0	0	0	0	0	1	NA	NA	0	0
1362	CP	Ename	0	0	0	0	0	1	NA	NA	0	0
1363	CP	Ename	0	0	0	0	0	1	NA	NA	0	0
1364	CP	Ename	0	0	0	0	0	1	NA	NA	0	0
1365	CP	Ename	0	0	0	0	0	1	NA	NA	0	0
1366	CP	Ename	0	0	0	0	0	1	NA	NA	0	0
1367	CP	Ename	0	0	0	0	0	1	NA	NA	0	0
1368	CP	Ename	0	0	0	0	0	1	NA	NA	0	0
1369	CP	Ename	0	0	0	0	0	1	NA	NA	0	0
1370	CP	Ename	0	0	0	0	0	1	NA	NA	0	0
1371	CP	Ename	0	0	0	0	0	1	NA	NA	0	0
1372	CP	Ename	0	0	0	0	0	1	NA	NA	0	0
1373	CP	Ename	0	0	0	0	0	1	NA	NA	0	0
1401	CP	De heide	0	0	0	0	0	1	NA	NA	0	0
1402	CP	De heide	0	0	0	0	0	1	NA	NA	0	0
1403	CP	De heide	0	0	0	0	0	1	NA	NA	0	0
1404	CP	De heide	0	0	0	0	0	1	NA	NA	0	0
1405	CP	De heide	0	0	0	0	0	1	NA	NA	0	0
1406	CP	De heide	0	0	0	0	0	1	NA	NA	0	0
1407	CP	De heide	0	0	0	0	0	1	NA	NA	0	0
1408	CP	De heide	0	0	0	0	0	1	NA	NA	0	0
1409	CP	De heide	0	0	0	0	0	1	NA	NA	0	0
1410	CP	De heide	0	0	0	0	0	1	NA	NA	0	0
1411	CP	De heide	0	0	0	0	0	1	NA	NA	0	0
1412	CP	De heide	0	0	0	0	0	1	NA	NA	0	0
1413	CP	De heide	0	0	0	0	0	1	NA	NA	0	0
1414	CP	De heide	0	0	0	0	0	1	NA	NA	0	0
1415	CP	De heide	0	0	0	0	0	1	NA	NA	0	0
1416	CP	De heide	0	0	0	0	0	1	NA	NA	0	0
1417	CP	De heide	0	0	0	0	0	1	NA	NA	0	0
1418	CP	De heide	0	0	0	0	0	1	NA	NA	0	0
1419	CP	De heide	0	0	0	0	0	1	NA	NA	0	0
1420	CP	De heide	0	0	0	0	0	1	NA	NA	0	0
1421	CP	De heide	0	0	0	0	0	1	NA	NA	0	0
1422	CP	De heide	0	0	0	0	0	1	NA	NA	0	0
1423	CP	De heide	0	0	0	0	0	1	NA	NA	0	0
1424	CP	De heide	0	0	0	0	0	1	NA	NA	0	0
1425	CP	De heide	0	0	0	0	0	1	NA	NA	0	0
1426	CP	De heide	0	0	0	0	0	1	NA	NA	0	0
1427	CP	De heide	0	0	0	0	0	1	NA	NA	0	0
1428	CP	De heide	0	0	0	0	0	1	NA	NA	0	0
1429	CP	De heide	0	0	0	0	0	1	NA	NA	0	0
1430	CP	De heide	0	0	0	0	0	1	NA	NA	0	0
1431	CP	De heide	0	0	0	0	0	1	NA	NA	0	0
1432	CP	De heide	0	0	0	0	0	1	NA	NA	0	0
1433	CP	De heide	0	0	0	0	0	1	NA	NA	0	0
1434	CP	De heide	0	0	0	0	0	1	NA	NA	0	0
1435	CP	De heide	0	0	0	0	0	1	NA	NA	0	0
1436	CP	De heide	0	0	0	0	0	1	NA	NA	0	0
1437	CP	De heide	0	0	0	0	0	1	NA	NA	0	0
1438	CP	De heide	0	0	0	0	0	1	NA	NA	0	0
1439	CP	De heide	0	0	0	0	0	1	NA	NA	0	0
1440	CP	De heide	0	0	0	0	0	1	NA	NA	0	0
1441	CP	De heide	0	0	0	0	0	1	NA	NA	0	0
1442	CP	De heide	0	0	0	0	0	1	NA	NA	0	0
1443	CP	De heide	0	0	0	0	0	1	NA	NA	0	0
1444	CP	De heide	0	0	0	0	0	1	NA	NA	0	0
1445	CP	De heide	0	0	0	0	0	1	NA	NA	0	0
1446	CP	De heide	0	0	0	0	0	1	NA	NA	0	0
1447	CP	De heide	0	0	0	0	0	1	NA	NA	0	0
1448	CP	De heide	0	0	0	0	0	1	NA	NA	0	0
1449	CP	De heide	0	0	0	0	0	1	NA	NA	0	0
1450	CP	De heide	0	0	0	0	0	1	NA	NA	0	0
1451	CP	De heide	0	0	0	0	0	1	NA	NA	0	0
1452	CP	De heide	0	0	0	0	0	1	NA	NA	0	0
1501	CP	Kluisbos	0	0	0	0	0	1	NA	NA	0	0
1502	CP	Kluisbos	0	0	0	0	0	1	NA	NA	0	0
1503	CP	Kluisbos	0	0	0	0	0	1	NA	NA	0	0
1504	CP	Kluisbos	0	0	0	0	0	1	NA	NA	0	0
1505	CP	Kluisbos	0	0	0	0	0	1	NA	NA	0	0
1506	CP	Kluisbos	0	0	0	0	0	1	NA	NA	0	0
1507	CP	Kluisbos	0	0	0	0	0	1	NA	NA	0	0
1508	CP	Kluisbos	0	0	0	0	0	1	NA	NA	0	0
1509	CP	Kluisbos	0	0	0	0	0	1	NA	NA	0	0
1510	CP	Kluisbos	0	0	0	0	0	1	NA	NA	0	0
1511	CP	Kluisbos	0	0	0	0	0	1	NA	NA	0	0
1512	CP	Kluisbos	0	0	0	0	0	1	NA	NA	0	0
1513	CP	Kluisbos	0	0	0	0	0	1	NA	NA	0	0
1514	CP	Kluisbos	0	0	0	0	0	1	NA	NA	0	0
1515	CP	Kluisbos	0	0	0	0	0	1	NA	NA	0	0
1516	CP	Kluisbos	0	0	0	0	0	1	NA	NA	0	0
1517	CP	Kluisbos	0	0	0	0	0	1	NA	NA	0	0
1518	CP	Kluisbos	0	0	0	0	0	1	NA	NA	0	0
1519	CP	Kluisbos	0	0	0	0	0	1	NA	NA	0	0
1520	CP	Kluisbos	0	0	0	0	0	1	NA	NA	0	0
1521	CP	Kluisbos	0	0	0	0	0	1	NA	NA	0	0
1522	CP	Kluisbos	0	0	0	0	0	1	NA	NA	0	0
1523	CP	Kluisbos	0	0	0	0	0	1	NA	NA	0	0
1524	CP	Kluisbos	0	0	0	0	0	1	NA	NA	0	0
1525	CP	Kluisbos	0	0	0	0	0	1	NA	NA	0	0
1526	CP	Kluisbos	0	0	0	0	0	1	NA	NA	0	0
1527	CP	Kluisbos	0	0	0	0	0	1	NA	NA	0	0
1528	CP	Kluisbos	0	0	0	0	0	1	NA	NA	0	0
1529	CP	Kluisbos	0	0	0	0	0	1	NA	NA	0	0
1530	CP	Kluisbos	0	0	0	0	0	1	NA	NA	0	0
1531	CP	Kluisbos	0	0	0	0	0	1	NA	NA	0	0
1532	CP	Kluisbos	0	0	0	0	0	1	NA	NA	0	0
1533	CP	Kluisbos	0	0	0	0	0	1	NA	NA	0	0
1534	CP	Kluisbos	0	0	0	0	0	1	NA	NA	0	0
1535	CP	Kluisbos	0	0	0	0	0	1	NA	NA	0	0
1536	CP	Kluisbos	0	0	0	0	0	1	NA	NA	0	0
1537	CP	Kluisbos	0	0	0	0	0	1	NA	NA	0	0
1538	CP	Kluisbos	0	0	0	0	0	1	NA	NA	0	0
1539	CP	Kluisbos	0	0	0	0	0	1	NA	NA	0	0
1540	CP	Kluisbos	0	0	0	0	0	1	NA	NA	0	0
1541	CP	Kluisbos	0	0	0	0	0	1	NA	NA	0	0
1542	CP	Kluisbos	0	0	0	0	0	1	NA	NA	0	0
1543	CP	Kluisbos	0	0	0	0	0	1	NA	NA	0	0
1544	CP	Kluisbos	0	0	0	0	0	1	NA	NA	0	0
1545	CP	Kluisbos	0	0	0	0	0	1	NA	NA	0	0
1546	CP	Kluisbos	0	0	0	0	0	1	NA	NA	0	0
1547	CP	Kluisbos	0	0	0	0	0	1	NA	NA	0	0
1548	CP	Kluisbos	0	0	0	0	0	1	NA	NA	0	0
1549	CP	Kluisbos	0	0	0	0	0	1	NA	NA	0	0
1550	CP	Kluisbos	0	0	0	0	0	1	NA	NA	0	0
1551	CP	Kluisbos	0	0	0	0	0	1	NA	NA	0	0
1552	CP	Kluisbos	0	0	0	0	0	1	NA	NA	0	0
1553	CP	Kluisbos	0	0	0	0	0	1	NA	NA	0	0
1554	CP	Kluisbos	0	0	0	0	0	1	NA	NA	0	0
1555	CP	Kluisbos	0	0	0	0	0	1	NA	NA	0	0
1556	CP	Kluisbos	0	0	0	0	0	1	NA	NA	0	0
1557	CP	Kluisbos	0	0	0	0	0	1	NA	NA	0	0
1558	CP	Kluisbos	0	0	0	0	0	1	NA	NA	0	0
1559	CP	Kluisbos	0	0	0	0	0	1	NA	NA	0	0
1560	CP	Kluisbos	0	0	0	0	0	1	NA	NA	0	0
1561	CP	Kluisbos	0	0	0	0	0	1	NA	NA	0	0
1562	CP	Kluisbos	0	0	0	0	0	1	NA	NA	0	0
1563	CP	Kluisbos	0	0	0	0	0	1	NA	NA	0	0
1564	CP	Kluisbos	0	0	0	0	0	1	NA	NA	0	0
1565	CP	Kluisbos	0	0	0	0	0	1	NA	NA	0	0
1566	CP	Kluisbos	0	0	0	0	0	1	NA	NA	0	0
1567	CP	Kluisbos	0	0	0	0	0	1	NA	NA	0	0
1568	CP	Kluisbos	0	0	0	0	0	1	NA	NA	0	0
1569	CP	Kluisbos	0	0	0	0	0	1	NA	NA	0	0
1570	CP	Kluisbos	0	0	0	0	0	1	NA	NA	0	0
1571	CP	Kluisbos	0	0	0	0	0	1	NA	NA	0	0
1572	CP	Kluisbos	0	0	0	0	0	1	NA	NA	0	0
1573	CP	Kluisbos	0	0	0	0	0	1	NA	NA	0	0
1574	CP	Kluisbos	0	0	0	0	0	1	NA	NA	0	0
1575	CP	Kluisbos	0	0	0	0	0	1	NA	NA	0	0
1576	CP	Kluisbos	0	0	0	0	0	1	NA	NA	0	0
1577	CP	Kluisbos	0	0	0	0	0	1	NA	NA	0	0
1578	CP	Kluisbos	0	0	0	0	0	1	NA	NA	0	0
1579	CP	Kluisbos	0	0	0	0	0	1	NA	NA	0	0
1580	CP	Kluisbos	0	0	0	0	0	1	NA	NA	0	0
1581	CP	Kluisbos	0	0	0	0	0	1	NA	NA	0	0
1582	CP	Kluisbos	0	0	0	0	0	1	NA	NA	0	0
1583	CP	Kluisbos	0	0	0	0	0	1	NA	NA	0	0
1584	CP	Kluisbos	0	0	0	0	0	1	NA	NA	0	0
1585	CP	Kluisbos	0	0	0	0	0	1	NA	NA	0	0
1586	CP	Kluisbos	0	0	0	0	0	1	NA	NA	0	0
1587	CP	Kluisbos	0	0	0	0	0	1	NA	NA	0	0
1588	CP	Kluisbos	0	0	0	0	0	1	NA	NA	0	0
1589	CP	Kluisbos	0	0	0	0	0	1	NA	NA	0	0
1590	CP	Kluisbos	0	0	0	0	0	1	NA	NA	0	0
1591	CP	Kluisbos	0	0	0	0	0	1	NA	NA	0	0
1592	CP	Kluisbos	0	0	0	0	0	1	NA	NA	0	0
1593	CP	Kluisbos	0	0	0	0	0	1	NA	NA	0	0
1594	CP	Kluisbos	0	0	0	0	0	1	NA	NA	0	0
1595	CP	Kluisbos	0	0	0	0	0	1	NA	NA	0	0
1596	CP	Kluisbos	0	0	0	0	0	1	NA	NA	0	0
1597	CP	Kluisbos	0	0	0	0	0	1	NA	NA	0	0
1598	CP	Kluisbos	0	0	0	0	0	1	NA	NA	0	0
1599	CP	Kluisbos	0	0	0	0	0	1	NA	NA	0	0
1600	CP	Kluisbos	0	0	0	0	0	1	NA	NA	0	0
1601	CP	Kluisbos	0	0	0	0	0	1	NA	NA	0	0
1602	CP	Kluisbos	0	0	0	0	0	1	NA	NA	0	0
1603	CP	Kluisbos	0	0	0	0	0	1	NA	NA	0	0
1604	CP	Kluisbos	0	0	0	0	0	1	NA	NA	0	0
1605	CP	Kluisbos	0	0	0	0	0	1	NA	NA	0	0
1606	CP	Kluisbos	0	0	0	0	0	1	NA	NA	0	0
1607	CP	Kluisbos	0	0	0	0	0	1	NA	NA	0	0
1608	CP	Kluisbos	0	0	0	0	0	1	NA	NA	0	0
1609	CP	Kluisbos	0	0	0	0	0	1	NA	NA	0	0
1610	CP	Kluisbos	0	0	0	0	0	1	NA	NA	0	0
1611	CP	Kluisbos	0	0	0	0	0	1	NA	NA	0	0
1612	CP	Kluisbos	0	0	0	0	0	1	NA	NA	0	0
1613	CP	Kluisbos	0	0	0	0	0	1	NA	NA	0	0
1614	CP	Kluisbos	0	0	0	0	0	1	NA	NA	0	0
1615	CP	Kluisbos	0	0	0	0	0	1	NA	NA	0	0
1616	CP	Kluisbos	0	0	0	0	0	1	NA	NA	0	0
1617	CP	Kluisbos	0	0	0	0	0	1	NA	NA	0	0
1618	CP	Kluisbos	0	0	0	0	0	1	NA	NA	0	0
1619	CP	Kluisbos	0	0	0	0	0	1	NA	NA	0	0
1620	CP	Kluisbos	0	0	0	0	0	1	NA	NA	0	0
1621	CP	Kluisbos	0	0	0	0	0	1	NA	NA	0	0
1622	CP	Kluisbos	0	0	0	0	0	1	NA	NA	0	0
1623	CP	Kluisbos	0	0	0	0	0	1	NA	NA	0	0
1624	CP	Kluisbos	0	0	0	0	0	1	NA	NA	0	0
1625	CP	Kluisbos	0	0	0	0	0	1	NA	NA	0	0
1626	CP	Kluisbos	0	0	0	0	0	1	NA	NA	0	0
1627	CP	Kluisbos	0	0	0	0	0	1	NA	NA	0	0
1628	CP	Kluisbos	0	0	0	0	0	1	NA	NA	0	0
1701	CP	Kolmont	0	0	0	0	0	1	NA	NA	0	0
1702	CP	Kolmont	0	0	0	0	0	1	NA	NA	0	0
1703	CP	Kolmont	0	0	0	0	0	1	NA	NA	0	0
1704	CP	Kolmont	0	0	0	0	0	1	NA	NA	0	0
1705	CP	Kolmont	0	0	0	0	0	1	NA	NA	0	0
1706	CP	Kolmont	0	0	0	0	0	1	NA	NA	0	0
1707	CP	Kolmont	0	0	0	0	0	1	NA	NA	0	0
1708	CP	Kolmont	0	0	0	0	0	1	NA	NA	0	0
1709	CP	Kolmont	0	0	0	0	0	1	NA	NA	0	0
1710	CP	Kolmont	0	0	0	0	0	1	NA	NA	0	0
1711	CP	Kolmont	0	0	0	0	0	1	NA	NA	0	0
1712	CP	Kolmont	0	0	0	0	0	1	NA	NA	0	0
1713	CP	Kolmont	0	0	0	0	0	1	NA	NA	0	0
1714	CP	Kolmont	0	0	0	0	0	1	NA	NA	0	0
1715	CP	Kolmont	0	0	0	0	0	1	NA	NA	0	0
1716	CP	Kolmont	0	0	0	0	0	1	NA	NA	0	0
1717	CP	Kolmont	0	0	0	0	0	1	NA	NA	0	0
1718	CP	Kolmont	0	0	0	0	0	1	NA	NA	0	0
1719	CP	Kolmont	0	0	0	0	0	1	NA	NA	0	0
1720	CP	Kolmont	0	0	0	0	0	1	NA	NA	0	0
1721	CP	Kolmont	0	0	0	0	0	1	NA	NA	0	0
1722	CP	Kolmont	0	0	0	0	0	1	NA	NA	0	0
1723	CP	Kolmont	0	0	0	0	0	1	NA	NA	0	0
1724	CP	Kolmont	0	0	0	0	0	1	NA	NA	0	0
1725	CP	Kolmont	0	0	0	0	0	1	NA	NA	0	0
1726	CP	Kolmont	0	0	0	0	0	1	NA	NA	0	0
1727	CP	Kolmont	0	0	0	0	0	1	NA	NA	0	0
1728	CP	Kolmont	0	0	0	0	0	1	NA	NA	0	0
1729	CP	Kolmont	0	0	0	0	0	1	NA	NA	0	0
1730	CP	Kolmont	0	0	0	0	0	1	NA	NA	0	0
1731	CP	Kolmont	0	0	0	0	0	1	NA	NA	0	0
1732	CP	Kolmont	0	0	0	0	0	1	NA	NA	0	0
2001	CP	Kersselaerspleyn	1	0	1	1	1	1	1	2000	0	0
2002	CP	Kersselaerspleyn	1	0	1	1	1	1	1	2000	0	0
2003	CP	Kersselaerspleyn	1	0	1	1	1	1	1	2000	0	0
2004	CP	Kersselaerspleyn	1	0	1	1	1	1	1	2000	0	0
2005	CP	Kersselaerspleyn	1	0	1	1	1	1	1	2000	0	0
2006	CP	Kersselaerspleyn	1	0	1	1	1	1	1	2000	0	0
2007	CP	Kersselaerspleyn	1	0	1	1	1	1	1	2000	0	0
2008	CP	Kersselaerspleyn	1	0	1	1	1	1	1	2000	0	0
2009	CP	Kersselaerspleyn	1	0	1	1	1	1	1	2000	0	0
2010	CP	Kersselaerspleyn	1	0	1	1	1	1	1	2000	0	0
2011	CP	Kersselaerspleyn	1	0	1	1	1	1	1	2000	0	0
2012	CP	Kersselaerspleyn	1	0	1	1	1	1	1	2000	0	0
2013	CP	Kersselaerspleyn	1	0	1	1	1	1	1	2000	0	0
2014	CP	Kersselaerspleyn	0	0	0	0	0	1	NA	NA	0	0
2015	CP	Kersselaerspleyn	0	0	0	0	0	1	NA	NA	0	0
2016	CP	Kersselaerspleyn	1	0	1	1	1	1	1	2000	0	0
2017	CP	Kersselaerspleyn	1	0	1	1	1	1	1	2000	0	0
2018	CP	Kersselaerspleyn	1	0	1	1	1	1	1	2000	0	0
2019	CP	Kersselaerspleyn	1	0	1	1	1	1	1	2000	0	0
2020	CP	Kersselaerspleyn	1	0	1	1	1	1	1	2000	0	0
2021	CP	Kersselaerspleyn	1	0	1	1	1	1	1	2000	0	0
2022	CP	Kersselaerspleyn	1	0	1	1	1	1	1	2000	0	0
2023	CP	Kersselaerspleyn	1	0	1	1	1	1	1	2000	0	0
2024	CP	Kersselaerspleyn	1	0	1	1	1	1	1	2000	0	0
2025	CP	Kersselaerspleyn	1	0	1	1	1	1	1	2000	0	0
2026	CP	Kersselaerspleyn	1	0	1	1	1	1	1	2000	0	0
2027	CP	Kersselaerspleyn	1	0	1	1	1	1	1	2000	0	0
2028	CP	Kersselaerspleyn	1	0	1	1	1	1	1	2000	0	0
2029	CP	Kersselaerspleyn	1	0	1	1	1	1	1	2000	0	0
2030	CP	Kersselaerspleyn	1	0	1	1	1	1	1	2000	0	0
2031	CP	Kersselaerspleyn	1	0	1	1	1	1	1	2000	0	0
2032	CP	Kersselaerspleyn	1	0	1	1	1	1	1	2000	0	0
2033	CP	Kersselaerspleyn	1	0	1	1	1	1	1	2000	0	0
2034	CP	Kersselaerspleyn	1	0	1	1	1	1	1	2000	0	0
2035	CP	Kersselaerspleyn	1	0	1	1	1	1	1	2000	0	0
2036	CP	Kersselaerspleyn	1	0	1	1	1	1	1	2000	0	0
2037	CP	Kersselaerspleyn	1	0	1	1	1	1	1	2000	0	0
2038	CP	Kersselaerspleyn	1	0	1	1	1	1	1	2000	0	0
2039	CP	Kersselaerspleyn	1	0	1	1	1	1	1	2000	0	0
2040	CP	Kersselaerspleyn	1	0	1	1	1	1	1	2000	0	0
2041	CP	Kersselaerspleyn	1	0	1	1	1	1	1	2000	0	0
2042	CP	Kersselaerspleyn	1	0	1	1	1	1	1	2000	0	0
2043	CP	Kersselaerspleyn	1	0	1	1	1	1	1	2000	0	0
2044	CP	Kersselaerspleyn	1	0	1	1	1	1	1	2000	0	0
2045	CP	Kersselaerspleyn	0	0	0	0	0	1	NA	NA	0	0
2046	CP	Kersselaerspleyn	0	0	0	0	0	1	NA	NA	0	0
2047	CP	Kersselaerspleyn	0	0	0	0	0	1	NA	NA	0	0
2048	CP	Kersselaerspleyn	1	0	1	1	1	1	1	2000	0	0
2049	CP	Kersselaerspleyn	0	0	0	0	0	1	NA	NA	0	0
2050	CP	Kersselaerspleyn	0	0	0	0	0	1	NA	NA	0	0
2051	CP	Kersselaerspleyn	0	0	0	0	0	1	NA	NA	0	0
2053	CP	Kersselaerspleyn	0	0	0	0	0	1	NA	NA	0	0
2054	CP	Kersselaerspleyn	0	0	0	0	0	1	NA	NA	0	0
2055	CP	Kersselaerspleyn	0	0	0	0	0	1	NA	NA	0	0
2056	CP	Kersselaerspleyn	1	0	1	1	1	1	1	2000	0	0
2057	CP	Kersselaerspleyn	1	0	1	1	1	1	1	2000	0	0
2058	CP	Kersselaerspleyn	1	0	1	1	1	1	1	2000	0	0
2059	CP	Kersselaerspleyn	1	0	1	1	1	1	1	2000	0	0
2060	CP	Kersselaerspleyn	1	0	1	1	1	1	1	2000	0	0
2061	CP	Kersselaerspleyn	1	0	1	1	1	1	1	2000	0	0
2062	CP	Kersselaerspleyn	1	0	1	1	1	1	1	2000	0	0
2063	CP	Kersselaerspleyn	1	0	1	1	1	1	1	2000	0	0
2064	CP	Kersselaerspleyn	1	0	1	1	1	1	1	2000	0	0
2065	CP	Kersselaerspleyn	1	0	1	1	1	1	1	2000	0	0
2101	CP	Zwaenepoel	0	0	0	0	0	1	NA	NA	0	0
2102	CP	Zwaenepoel	0	0	0	0	0	1	NA	NA	0	0
2103	CP	Zwaenepoel	0	0	0	0	0	1	NA	NA	0	0
2104	CP	Zwaenepoel	0	0	0	0	0	1	NA	NA	0	0
2105	CP	Zwaenepoel	0	0	0	0	0	1	NA	NA	0	0
2106	CP	Zwaenepoel	0	0	0	0	0	1	NA	NA	0	0
2107	CP	Zwaenepoel	0	0	0	0	0	1	NA	NA	0	0
2108	CP	Zwaenepoel	0	0	0	0	0	1	NA	NA	0	0
2109	CP	Zwaenepoel	0	0	0	0	0	1	NA	NA	0	0
2110	CP	Zwaenepoel	0	0	0	0	0	1	NA	NA	0	0
2111	CP	Zwaenepoel	0	0	0	0	0	1	NA	NA	0	0
2112	CP	Zwaenepoel	0	0	0	0	0	1	NA	NA	0	0
2113	CP	Zwaenepoel	0	0	0	0	0	1	NA	NA	0	0
2114	CP	Zwaenepoel	0	0	0	0	0	1	NA	NA	0	0
2115	CP	Zwaenepoel	0	0	0	0	0	1	NA	NA	0	0
2116	CP	Zwaenepoel	0	0	0	0	0	1	NA	NA	0	0
2117	CP	Zwaenepoel	0	0	0	0	0	1	NA	NA	0	0
2118	CP	Zwaenepoel	0	0	0	0	0	1	NA	NA	0	0
2119	CP	Zwaenepoel	0	0	0	0	0	1	NA	NA	0	0
2120	CP	Zwaenepoel	0	0	0	0	0	1	NA	NA	0	0
2121	CP	Zwaenepoel	0	0	0	0	0	1	NA	NA	0	0
2122	CP	Zwaenepoel	0	0	0	0	0	1	NA	NA	0	0
2123	CP	Zwaenepoel	0	0	0	0	0	1	NA	NA	0	0
2124	CP	Zwaenepoel	0	0	0	0	0	1	NA	NA	0	0
2125	CP	Zwaenepoel	0	0	0	0	0	1	NA	NA	0	0
2126	CP	Zwaenepoel	0	0	0	0	0	1	NA	NA	0	0
2127	CP	Zwaenepoel	0	0	0	0	0	1	NA	NA	0	0
2128	CP	Zwaenepoel	0	0	0	0	0	1	NA	NA	0	0
2129	CP	Zwaenepoel	0	0	0	0	0	1	NA	NA	0	0
2130	CP	Zwaenepoel	0	0	0	0	0	1	NA	NA	0	0
2131	CP	Zwaenepoel	0	0	0	0	0	1	NA	NA	0	0
2132	CP	Zwaenepoel	0	0	0	0	0	1	NA	NA	0	0
2133	CP	Zwaenepoel	0	0	0	0	0	1	NA	NA	0	0
2134	CP	Zwaenepoel	0	0	0	0	0	1	NA	NA	0	0
2135	CP	Zwaenepoel	0	0	0	0	0	1	NA	NA	0	0
2136	CP	Zwaenepoel	0	0	0	0	0	1	NA	NA	0	0
2137	CP	Zwaenepoel	0	0	0	0	0	1	NA	NA	0	0
2138	CP	Zwaenepoel	0	0	0	0	0	1	NA	NA	0	0
2139	CP	Zwaenepoel	0	0	0	0	0	1	NA	NA	0	0
2140	CP	Zwaenepoel	0	0	0	0	0	1	NA	NA	0	0
2141	CP	Zwaenepoel	0	0	0	0	0	1	NA	NA	0	0
2142	CP	Zwaenepoel	0	0	0	0	0	1	NA	NA	0	0
2143	CP	Zwaenepoel	0	0	0	0	0	1	NA	NA	0	0
2144	CP	Zwaenepoel	0	0	0	0	0	1	NA	NA	0	0
2145	CP	Zwaenepoel	0	0	0	0	0	1	NA	NA	0	0
2146	CP	Zwaenepoel	0	0	0	0	0	1	NA	NA	0	0
2147	CP	Zwaenepoel	0	0	0	0	0	1	NA	NA	0	0
2148	CP	Zwaenepoel	0	0	0	0	0	1	NA	NA	0	0
2149	CP	Zwaenepoel	0	0	0	0	0	1	NA	NA	0	0
2150	CP	Zwaenepoel	0	0	0	0	0	1	NA	NA	0	0
2151	CP	Zwaenepoel	0	0	0	0	0	1	NA	NA	0	0
2152	CP	Zwaenepoel	0	0	0	0	0	1	NA	NA	0	0
2153	CP	Zwaenepoel	0	0	0	0	0	1	NA	NA	0	0
2154	CP	Zwaenepoel	0	0	0	0	0	1	NA	NA	0	0
2155	CP	Zwaenepoel	0	0	0	0	0	1	NA	NA	0	0
2156	CP	Zwaenepoel	0	0	0	0	0	1	NA	NA	0	0
2157	CP	Zwaenepoel	0	0	0	0	0	1	NA	NA	0	0
2158	CP	Zwaenepoel	0	0	0	0	0	1	NA	NA	0	0
2159	CP	Zwaenepoel	0	0	0	0	0	1	NA	NA	0	0
2160	CP	Zwaenepoel	0	0	0	0	0	1	NA	NA	0	0
2161	CP	Zwaenepoel	0	0	0	0	0	1	NA	NA	0	0
2162	CP	Zwaenepoel	0	0	0	0	0	1	NA	NA	0	0
2163	CP	Zwaenepoel	0	0	0	0	0	1	NA	NA	0	0
2164	CP	Zwaenepoel	0	0	0	0	0	1	NA	NA	0	0
2165	CP	Zwaenepoel	0	0	0	0	0	1	NA	NA	0	0
2166	CP	Zwaenepoel	0	0	0	0	0	1	NA	NA	0	0
2167	CP	Zwaenepoel	0	0	0	0	0	1	NA	NA	0	0
2168	CP	Zwaenepoel	0	0	0	0	0	1	NA	NA	0	0
2169	CP	Zwaenepoel	0	0	0	0	0	1	NA	NA	0	0
2170	CP	Zwaenepoel	0	0	0	0	0	1	NA	NA	0	0
2171	CP	Zwaenepoel	0	0	0	0	0	1	NA	NA	0	0
2172	CP	Zwaenepoel	0	0	0	0	0	1	NA	NA	0	0
2173	CP	Zwaenepoel	0	0	0	0	0	1	NA	NA	0	0
2174	CP	Zwaenepoel	0	0	0	0	0	1	NA	NA	0	0
2175	CP	Zwaenepoel	0	0	0	0	0	1	NA	NA	0	0
2176	CP	Zwaenepoel	0	0	0	0	0	1	NA	NA	0	0
2177	CP	Zwaenepoel	0	0	0	0	0	1	NA	NA	0	0
2178	CP	Zwaenepoel	0	0	0	0	0	1	NA	NA	0	0
2179	CP	Zwaenepoel	0	0	0	0	0	1	NA	NA	0	0
2180	CP	Zwaenepoel	0	0	0	0	0	1	NA	NA	0	0
2181	CP	Zwaenepoel	0	0	0	0	0	1	NA	NA	0	0
2182	CP	Zwaenepoel	0	0	0	0	0	1	NA	NA	0	0
2183	CP	Zwaenepoel	0	0	0	0	0	1	NA	NA	0	0
2184	CP	Zwaenepoel	0	0	0	0	0	1	NA	NA	0	0
2185	CP	Zwaenepoel	0	0	0	0	0	1	NA	NA	0	0
2186	CP	Zwaenepoel	0	0	0	0	0	1	NA	NA	0	0
11000	CA	Kersselaerspleyn	1	0	1	1	1	1	2	2000	0	0
21000	CA	Harras	1	1	1	1	1	1	1	2008	0	0
31000	CA	Hannecart	1	1	1	1	1	1	1	2001	0	0
41000	CA	Rodebos KV1	1	1	1	1	1	1	1	2001	0	0
43000	CA	Rodebos KV2	1	1	1	1	1	1	1	2001	0	0
51000	CA	Walenbos KV1	1	1	1	1	1	1	1	2001	0	0
53000	CA	Walenbos OT	1	1	1	1	1	1	1	2001	0	0
71000	CA	Wijnendalebos	1	1	1	1	1	1	1	2002	0	0
81000	CA	Everzwijnbad	1	1	1	1	1	1	1	2002	0	0
91000	CA	Heirnisse	1	1	1	1	1	1	1	2003	0	0
101000	CA	Jansheideberg	1	1	1	1	1	1	1	2004	0	0
111000	CA	Bos Terrijst	1	1	1	1	1	1	1	2005	0	0
121000	CA	Pruikemakers	1	1	1	1	1	1	1	2005	0	0
131000	CA	Liedekerke TR	1	1	1	1	1	1	1	2006	0	0
141100	CA	Sevendonck A	1	1	1	1	1	1	1	2007	0	0
141200	CA	Sevendonck Q	1	1	1	1	1	1	1	2007	0	0
151000	CA	Muizenbos	1	1	1	1	1	1	1	2007	0	0
171100	CA	Coolhem A	1	1	1	1	1	1	1	2004	0	0
171200	CA	Coolhem Q	1	1	1	1	1	1	1	2004	0	0
101	CP	Everzwijnbad	1	1	1	1	1	2	2	2012	0	0
102	CP	Everzwijnbad	1	1	1	1	1	2	2	2012	0	0
103	CP	Everzwijnbad	1	1	1	1	1	2	2	2012	0	0
104	CP	Everzwijnbad	1	1	1	1	1	2	2	2012	0	0
105	CP	Everzwijnbad	1	1	1	1	1	2	2	2012	0	0
106	CP	Everzwijnbad	1	1	1	1	1	2	2	2012	0	0
107	CP	Everzwijnbad	1	1	1	1	1	2	2	2012	0	0
108	CP	Everzwijnbad	1	1	1	1	1	2	2	2012	0	0
109	CP	Everzwijnbad	1	1	1	1	1	2	2	2012	0	0
110	CP	Everzwijnbad	1	1	1	1	1	2	2	2012	0	0
111	CP	Everzwijnbad	1	1	1	1	1	2	2	2012	0	0
112	CP	Everzwijnbad	1	1	1	1	1	2	2	2012	0	0
113	CP	Everzwijnbad	1	1	1	1	1	2	2	2012	0	0
114	CP	Everzwijnbad	1	1	1	1	1	2	2	2012	0	0
115	CP	Everzwijnbad	1	1	1	1	1	2	2	2012	0	0
116	CP	Everzwijnbad	1	1	1	1	1	2	2	2012	0	0
117	CP	Everzwijnbad	1	1	1	1	1	2	2	2012	0	0
118	CP	Everzwijnbad	1	1	1	1	1	2	2	2012	0	0
119	CP	Everzwijnbad	1	1	1	1	1	2	2	2012	0	0
120	CP	Everzwijnbad	1	1	1	1	1	2	2	2012	0	0
121	CP	Everzwijnbad	1	1	1	1	1	2	2	2012	0	0
122	CP	Everzwijnbad	1	1	1	1	1	2	2	2012	0	0
123	CP	Everzwijnbad	1	1	1	1	1	2	2	2012	0	0
124	CP	Everzwijnbad	1	1	1	1	1	2	2	2012	0	0
125	CP	Everzwijnbad	1	1	1	1	1	2	2	2012	0	0
126	CP	Everzwijnbad	1	1	1	1	1	2	2	2012	0	0
127	CP	Everzwijnbad	1	1	1	1	1	2	2	2012	0	0
128	CP	Everzwijnbad	1	1	1	1	1	2	2	2012	0	0
129	CP	Everzwijnbad	1	1	1	1	1	2	2	2012	0	0
130	CP	Everzwijnbad	1	1	1	1	1	2	2	2012	0	0
131	CP	Everzwijnbad	1	1	1	1	1	2	2	2012	0	0
132	CP	Everzwijnbad	1	1	1	1	1	2	2	2012	0	0
133	CP	Everzwijnbad	1	1	1	1	1	2	2	2012	0	0
134	CP	Everzwijnbad	1	1	1	1	1	2	2	2012	0	0
135	CP	Everzwijnbad	1	1	1	1	1	2	2	2012	0	0
136	CP	Everzwijnbad	1	1	1	1	1	2	2	2012	0	0
137	CP	Everzwijnbad	1	1	1	1	1	2	2	2012	0	0
138	CP	Everzwijnbad	1	1	1	1	1	2	2	2012	0	0
139	CP	Everzwijnbad	1	1	1	1	1	2	2	2012	0	0
140	CP	Everzwijnbad	1	1	1	1	1	2	2	2012	0	0
141	CP	Everzwijnbad	1	1	1	1	1	2	2	2012	0	0
142	CP	Everzwijnbad	1	1	1	1	1	2	2	2012	0	0
143	CP	Everzwijnbad	1	1	1	1	1	2	2	2012	0	0
144	CP	Everzwijnbad	1	1	1	1	1	2	2	2012	0	0
145	CP	Everzwijnbad	1	1	1	1	1	2	2	2012	0	0
146	CP	Everzwijnbad	1	1	1	1	1	2	2	2012	0	0
147	CP	Everzwijnbad	1	1	1	1	1	2	2	2012	0	0
148	CP	Everzwijnbad	1	1	1	1	1	2	2	2012	0	0
200	CP	Withoefse heide	1	1	0	1	1	2	2	2011	0	0
204	CP	Withoefse heide	1	1	0	1	1	2	2	2011	0	0
205	CP	Withoefse heide	1	1	0	1	1	2	2	2011	0	0
206	CP	Withoefse heide	1	1	0	1	1	2	2	2011	0	0
207	CP	Withoefse heide	1	1	0	1	1	2	2	2011	0	0
209	CP	Withoefse heide	1	1	0	1	1	2	2	2011	0	0
210	CP	Withoefse heide	1	1	0	1	1	2	2	2011	0	0
211	CP	Withoefse heide	1	1	0	1	1	2	2	2011	0	0
212	CP	Withoefse heide	1	1	0	1	1	2	2	2011	0	0
213	CP	Withoefse heide	1	1	0	1	1	2	2	2011	0	0
214	CP	Withoefse heide	1	1	0	1	1	2	2	2011	0	0
215	CP	Withoefse heide	1	1	0	1	1	2	2	2011	0	0
216	CP	Withoefse heide	1	1	0	1	1	2	2	2011	0	0
217	CP	Withoefse heide	1	1	0	1	1	2	2	2011	0	0
218	CP	Withoefse heide	1	1	0	1	1	2	2	2011	0	0
219	CP	Withoefse heide	1	1	0	1	1	2	2	2011	0	0
220	CP	Withoefse heide	1	1	0	1	1	2	2	2011	0	0
221	CP	Withoefse heide	1	1	0	1	1	2	2	2011	0	0
223	CP	Withoefse heide	1	1	0	1	1	2	2	2011	0	0
224	CP	Withoefse heide	1	1	0	1	1	2	2	2011	0	0
225	CP	Withoefse heide	1	1	0	1	1	2	2	2011	0	0
226	CP	Withoefse heide	1	1	0	1	1	2	2	2011	0	0
227	CP	Withoefse heide	1	1	0	1	1	2	2	2011	0	0
228	CP	Withoefse heide	1	1	0	1	1	2	2	2011	0	0
229	CP	Withoefse heide	1	1	0	1	1	2	2	2011	0	0
401	CP	Wijnendalebos	1	1	1	1	1	2	2	2012	0	0
402	CP	Wijnendalebos	1	1	1	1	1	2	2	2012	0	0
403	CP	Wijnendalebos	1	1	1	1	1	2	2	2012	0	0
404	CP	Wijnendalebos	1	1	1	1	1	2	2	2012	0	0
405	CP	Wijnendalebos	1	1	1	1	1	2	2	2012	0	0
406	CP	Wijnendalebos	1	1	1	1	1	2	2	2012	0	0
407	CP	Wijnendalebos	1	1	1	1	1	2	2	2012	0	0
408	CP	Wijnendalebos	1	1	1	1	1	2	2	2012	0	0
409	CP	Wijnendalebos	1	1	1	1	1	2	2	2012	0	0
410	CP	Wijnendalebos	1	1	1	1	1	2	2	2012	0	0
411	CP	Wijnendalebos	1	1	1	1	1	2	2	2012	0	0
412	CP	Wijnendalebos	1	1	1	1	1	2	2	2012	0	0
413	CP	Wijnendalebos	1	1	1	1	1	2	2	2012	0	0
414	CP	Wijnendalebos	1	1	1	1	1	2	2	2012	0	0
415	CP	Wijnendalebos	1	1	1	1	1	2	2	2012	0	0
416	CP	Wijnendalebos	1	1	1	1	1	2	2	2012	0	0
417	CP	Wijnendalebos	1	1	1	1	1	2	2	2012	0	0
418	CP	Wijnendalebos	1	1	1	1	1	2	2	2012	0	0
419	CP	Wijnendalebos	1	1	1	1	1	2	2	2012	0	0
420	CP	Wijnendalebos	1	1	1	1	1	2	2	2012	0	0
421	CP	Wijnendalebos	1	1	1	1	1	2	2	2012	0	0
422	CP	Wijnendalebos	1	1	1	1	1	2	2	2012	0	0
423	CP	Wijnendalebos	1	1	1	1	1	2	2	2012	0	0
425	CP	Wijnendalebos	1	1	1	1	1	2	2	2012	0	0
427	CP	Wijnendalebos	1	1	1	1	1	2	2	2012	0	0
428	CP	Wijnendalebos	1	1	1	1	1	2	2	2012	0	0
429	CP	Wijnendalebos	1	1	1	1	1	2	2	2012	0	0
430	CP	Wijnendalebos	1	1	1	1	1	2	2	2012	0	0
431	CP	Wijnendalebos	1	1	1	1	1	2	2	2012	0	0
432	CP	Wijnendalebos	1	1	1	1	1	2	2	2012	0	0
433	CP	Wijnendalebos	1	1	1	1	1	2	2	2012	0	0
434	CP	Wijnendalebos	1	1	1	1	1	2	2	2012	0	0
435	CP	Wijnendalebos	1	1	1	1	1	2	2	2012	0	0
436	CP	Wijnendalebos	1	1	1	1	1	2	2	2012	0	0
437	CP	Wijnendalebos	1	1	1	1	1	2	2	2012	0	0
438	CP	Wijnendalebos	1	1	1	1	1	2	2	2012	0	0
439	CP	Wijnendalebos	1	1	1	1	1	2	2	2012	0	0
440	CP	Wijnendalebos	1	1	1	1	1	2	2	2012	0	0
441	CP	Wijnendalebos	1	1	1	1	1	2	2	2012	0	0
442	CP	Wijnendalebos	1	1	1	1	1	2	2	2012	0	0
443	CP	Wijnendalebos	1	1	1	1	1	2	2	2012	0	0
444	CP	Wijnendalebos	1	1	1	1	1	2	2	2012	0	0
445	CP	Wijnendalebos	1	1	1	1	1	2	2	2012	0	0
446	CP	Wijnendalebos	1	1	1	1	1	2	2	2012	0	0
447	CP	Wijnendalebos	1	1	1	1	1	2	2	2012	0	0
448	CP	Wijnendalebos	1	1	1	1	1	2	2	2012	0	0
449	CP	Wijnendalebos	1	1	1	1	1	2	2	2012	0	0
450	CP	Wijnendalebos	1	1	1	1	1	2	2	2012	0	0
451	CP	Wijnendalebos	1	1	1	1	1	2	2	2012	0	0
452	CP	Wijnendalebos	1	1	1	1	1	2	2	2012	0	0
453	CP	Wijnendalebos	1	1	1	1	1	2	2	2012	0	0
454	CP	Wijnendalebos	1	1	1	1	1	2	2	2012	0	0
455	CP	Wijnendalebos	1	1	1	1	1	2	2	2012	0	0
456	CP	Wijnendalebos	1	1	1	1	1	2	2	2012	0	0
457	CP	Wijnendalebos	1	1	1	1	1	2	2	2012	0	0
458	CP	Wijnendalebos	1	1	1	1	1	2	2	2012	0	0
459	CP	Wijnendalebos	1	1	1	1	1	2	2	2012	0	0
460	CP	Wijnendalebos	1	1	1	1	1	2	2	2012	0	0
461	CP	Wijnendalebos	1	1	1	1	1	2	2	2012	0	0
462	CP	Wijnendalebos	1	1	1	1	1	2	2	2012	0	0
463	CP	Wijnendalebos	1	1	1	1	1	2	2	2012	0	0
464	CP	Wijnendalebos	1	1	1	1	1	2	2	2012	0	0
465	CP	Wijnendalebos	1	1	1	1	1	2	2	2012	0	0
466	CP	Wijnendalebos	1	1	1	1	1	2	2	2012	0	0
467	CP	Wijnendalebos	1	1	1	1	1	2	2	2012	0	0
468	CP	Wijnendalebos	1	1	1	1	1	2	2	2012	0	0
469	CP	Wijnendalebos	1	1	1	1	1	2	2	2012	0	0
470	CP	Wijnendalebos	1	1	1	1	1	2	2	2012	0	0
471	CP	Wijnendalebos	1	1	1	1	1	2	2	2012	0	0
472	CP	Wijnendalebos	1	1	1	1	1	2	2	2012	0	0
473	CP	Wijnendalebos	1	1	1	1	1	2	2	2012	0	0
474	CP	Wijnendalebos	1	1	1	1	1	2	2	2012	0	0
475	CP	Wijnendalebos	1	1	1	1	1	2	2	2012	0	0
476	CP	Wijnendalebos	1	1	1	1	1	2	2	2012	0	0
477	CP	Wijnendalebos	1	1	1	1	1	2	2	2012	0	0
478	CP	Wijnendalebos	1	1	1	1	1	2	2	2012	0	0
479	CP	Wijnendalebos	1	1	1	1	1	2	2	2012	0	0
480	CP	Wijnendalebos	1	1	1	1	1	2	2	2012	0	0
481	CP	Wijnendalebos	1	1	1	1	1	2	2	2012	0	0
483	CP	Wijnendalebos	1	1	1	1	1	2	2	2012	0	0
484	CP	Wijnendalebos	1	1	1	1	1	2	2	2012	0	0
485	CP	Wijnendalebos	1	1	1	1	1	2	2	2012	0	0
486	CP	Wijnendalebos	1	1	1	1	1	2	2	2012	0	0
487	CP	Wijnendalebos	1	1	1	1	1	2	2	2012	0	0
488	CP	Wijnendalebos	1	1	1	1	1	2	2	2012	0	0
489	CP	Wijnendalebos	1	1	1	1	1	2	2	2012	0	0
490	CP	Wijnendalebos	1	1	1	1	1	2	2	2012	0	0
491	CP	Wijnendalebos	1	1	1	1	1	2	2	2012	0	0
492	CP	Wijnendalebos	1	1	1	1	1	2	2	2012	0	0
493	CP	Wijnendalebos	1	1	1	1	1	2	2	2012	0	0
494	CP	Wijnendalebos	1	1	1	1	1	2	2	2012	0	0
495	CP	Wijnendalebos	1	1	1	1	1	2	2	2012	0	0
496	CP	Wijnendalebos	1	1	1	1	1	2	2	2012	0	0
497	CP	Wijnendalebos	1	1	1	1	1	2	2	2012	0	0
498	CP	Wijnendalebos	1	1	1	1	1	2	2	2012	0	0
499	CP	Wijnendalebos	1	1	1	1	1	2	2	2012	0	0
500	CP	Wijnendalebos	1	1	1	1	1	2	2	2012	0	0
501	CP	Wijnendalebos	1	1	1	1	1	2	2	2012	0	0
502	CP	Wijnendalebos	1	1	1	1	1	2	2	2012	0	0
503	CP	Wijnendalebos	1	1	1	1	1	2	2	2012	0	0
504	CP	Wijnendalebos	1	1	1	1	1	2	2	2012	0	0
505	CP	Wijnendalebos	1	1	1	1	1	2	2	2012	0	0
506	CP	Wijnendalebos	1	1	1	1	1	2	2	2012	0	0
507	CP	Wijnendalebos	1	1	1	1	1	2	2	2012	0	0
508	CP	Wijnendalebos	1	1	1	1	1	2	2	2012	0	0
509	CP	Wijnendalebos	1	1	1	1	1	2	2	2012	0	0
510	CP	Wijnendalebos	1	1	1	1	1	2	2	2012	0	0
511	CP	Wijnendalebos	1	1	1	1	1	2	2	2012	0	0
512	CP	Wijnendalebos	1	1	1	1	1	2	2	2012	0	0
513	CP	Wijnendalebos	1	1	1	1	1	2	2	2012	0	0
514	CP	Wijnendalebos	1	1	1	1	1	2	2	2012	0	0
515	CP	Wijnendalebos	1	1	1	1	1	2	2	2012	0	0
516	CP	Wijnendalebos	1	1	1	1	1	2	2	2012	0	0
517	CP	Wijnendalebos	1	1	1	1	1	2	2	2012	0	0
518	CP	Wijnendalebos	1	1	1	1	1	2	2	2012	0	0
519	CP	Wijnendalebos	1	1	1	1	1	2	2	2012	0	0
520	CP	Wijnendalebos	1	1	1	1	1	2	2	2012	0	0
521	CP	Wijnendalebos	1	1	1	1	1	2	2	2012	0	0
522	CP	Wijnendalebos	1	1	1	1	1	2	2	2012	0	0
523	CP	Wijnendalebos	1	1	1	1	1	2	2	2012	0	0
701	CP	Heirnisse	1	1	1	1	1	2	2	2014	1	1
702	CP	Heirnisse	1	1	1	1	1	2	2	2013	1	1
703	CP	Heirnisse	1	1	1	1	1	2	2	2013	1	1
704	CP	Heirnisse	1	1	1	1	1	2	2	2013	1	1
705	CP	Heirnisse	1	1	1	1	1	2	2	2013	1	1
706	CP	Heirnisse	1	1	1	1	1	2	2	2013	1	1
707	CP	Heirnisse	1	1	1	1	1	2	2	2013	1	1
708	CP	Heirnisse	1	1	1	1	1	2	2	2013	1	1
709	CP	Heirnisse	1	1	1	1	1	2	2	2014	1	1
710	CP	Heirnisse	1	1	1	1	1	2	2	2013	1	1
711	CP	Heirnisse	1	1	1	1	1	2	2	2013	1	1
712	CP	Heirnisse	1	1	1	1	1	2	2	2013	1	1
713	CP	Heirnisse	1	1	1	1	1	2	2	2013	1	1
714	CP	Heirnisse	1	1	1	1	1	2	2	2013	1	1
715	CP	Heirnisse	1	1	1	1	1	2	2	2013	1	1
716	CP	Heirnisse	1	1	1	1	1	2	2	2013	1	1
717	CP	Heirnisse	1	1	1	1	1	2	2	2013	1	1
718	CP	Heirnisse	1	1	1	1	1	2	2	2013	1	1
719	CP	Heirnisse	1	1	1	1	1	2	2	2013	1	1
720	CP	Heirnisse	1	1	1	1	1	2	2	2013	1	1
721	CP	Heirnisse	1	1	1	1	1	2	2	2013	1	1
722	CP	Heirnisse	1	1	1	1	1	2	2	2013	1	1
723	CP	Heirnisse	1	1	1	1	1	2	2	2013	1	1
724	CP	Heirnisse	1	1	1	1	1	2	2	2013	1	1
725	CP	Heirnisse	1	1	1	1	1	2	2	2013	1	1
726	CP	Heirnisse	1	1	1	1	1	2	2	2013	1	1
727	CP	Heirnisse	1	1	1	1	1	2	2	2013	1	1
728	CP	Heirnisse	1	1	1	1	1	2	2	2013	1	1
729	CP	Heirnisse	1	1	1	1	1	2	2	2013	1	1
730	CP	Heirnisse	1	1	1	1	1	2	2	2013	1	1
731	CP	Heirnisse	1	1	1	1	1	2	2	2013	1	1
732	CP	Heirnisse	1	1	1	1	1	2	2	2013	1	1
733	CP	Heirnisse	1	1	1	1	1	2	2	2013	1	1
734	CP	Heirnisse	1	1	1	1	1	2	2	2013	1	1
735	CP	Heirnisse	1	1	1	1	1	2	2	2013	1	1
736	CP	Heirnisse	1	1	1	1	1	2	2	2013	1	1
737	CP	Heirnisse	1	1	1	1	1	2	2	2013	1	1
738	CP	Heirnisse	1	1	1	1	1	2	2	2014	1	1
739	CP	Heirnisse	1	1	1	1	1	2	2	2014	1	1
740	CP	Heirnisse	1	1	1	1	1	2	2	2014	1	1
741	CP	Heirnisse	1	1	1	1	1	2	2	2013	1	1
742	CP	Heirnisse	1	1	1	1	1	2	2	2013	1	1
743	CP	Heirnisse	1	1	1	1	1	2	2	2013	1	1
744	CP	Heirnisse	1	1	1	1	1	2	2	2013	1	1
745	CP	Heirnisse	1	1	1	1	1	2	2	2013	1	1
746	CP	Heirnisse	1	1	1	1	1	2	2	2013	1	1
747	CP	Heirnisse	1	1	1	1	1	2	2	2013	1	1
748	CP	Heirnisse	1	1	1	1	1	2	2	2013	1	1
749	CP	Heirnisse	1	1	1	1	1	2	2	2013	1	1
750	CP	Heirnisse	1	1	1	1	1	2	2	2013	1	1
751	CP	Heirnisse	1	1	1	1	1	2	2	2013	1	1
752	CP	Heirnisse	1	1	1	1	1	2	2	2013	1	1
753	CP	Heirnisse	1	1	1	1	1	2	2	2013	1	1
754	CP	Heirnisse	1	1	1	1	1	2	2	2013	1	1
755	CP	Heirnisse	1	1	1	1	1	2	2	2013	1	1
756	CP	Heirnisse	1	1	1	1	1	2	2	2013	1	1
757	CP	Heirnisse	1	1	1	1	1	2	2	2013	1	1
758	CP	Heirnisse	1	1	1	1	1	2	2	2013	1	1
759	CP	Heirnisse	1	1	1	1	1	2	2	2013	1	1
760	CP	Heirnisse	1	1	1	1	1	2	2	2013	1	1
761	CP	Heirnisse	1	1	1	1	1	2	2	2013	1	1
762	CP	Heirnisse	1	1	1	1	1	2	2	2013	1	1
763	CP	Heirnisse	1	1	1	1	1	2	2	2013	1	1
764	CP	Heirnisse	1	1	1	1	1	2	2	2013	1	1
765	CP	Heirnisse	1	1	1	1	1	2	2	2013	1	1
766	CP	Heirnisse	1	1	1	1	1	2	2	2013	1	1
767	CP	Heirnisse	1	1	1	1	1	2	2	2013	1	1
768	CP	Heirnisse	1	1	1	1	1	2	2	2013	1	1
801	CP	Jansheideberg	1	1	1	1	1	2	2	2013	1	1
802	CP	Jansheideberg	1	1	1	1	1	2	2	2013	1	1
803	CP	Jansheideberg	1	1	1	1	1	2	2	2013	1	1
804	CP	Jansheideberg	1	1	1	1	1	2	2	2013	1	1
805	CP	Jansheideberg	1	1	1	1	1	2	2	2013	1	1
806	CP	Jansheideberg	1	1	1	1	1	2	2	2013	1	1
807	CP	Jansheideberg	1	1	1	1	1	2	2	2013	1	1
808	CP	Jansheideberg	1	1	1	1	1	2	2	2013	1	1
809	CP	Jansheideberg	1	1	1	1	1	2	2	2013	1	1
810	CP	Jansheideberg	1	1	1	1	1	2	2	2013	1	1
811	CP	Jansheideberg	1	1	1	1	1	2	2	2013	1	1
812	CP	Jansheideberg	1	1	1	1	1	2	2	2013	1	1
813	CP	Jansheideberg	1	1	1	1	1	2	2	2013	1	1
814	CP	Jansheideberg	1	1	1	1	1	2	2	2013	1	1
815	CP	Jansheideberg	1	1	1	1	1	2	2	2013	1	1
816	CP	Jansheideberg	1	1	1	1	1	2	2	2013	1	1
817	CP	Jansheideberg	1	1	1	1	1	2	2	2013	1	1
818	CP	Jansheideberg	1	1	1	1	1	2	2	2013	1	1
819	CP	Jansheideberg	1	1	1	1	1	2	2	2013	1	1
820	CP	Jansheideberg	1	1	1	1	1	2	2	2013	1	1
821	CP	Jansheideberg	1	1	1	1	1	2	2	2013	1	1
822	CP	Jansheideberg	1	1	1	1	1	2	2	2013	1	1
823	CP	Jansheideberg	1	1	1	1	1	2	2	2013	1	1
824	CP	Jansheideberg	1	1	1	1	1	2	2	2013	1	1
825	CP	Jansheideberg	1	1	1	1	1	2	2	2013	1	1
826	CP	Jansheideberg	1	1	1	1	1	2	2	2013	1	1
827	CP	Jansheideberg	1	1	1	1	1	2	2	2013	1	1
828	CP	Jansheideberg	1	1	1	1	1	2	2	2013	1	1
829	CP	Jansheideberg	1	1	1	1	1	2	2	2013	1	1
830	CP	Jansheideberg	1	1	1	1	1	2	2	2013	1	1
831	CP	Jansheideberg	1	1	1	1	1	2	2	2013	1	1
832	CP	Jansheideberg	1	1	1	1	1	2	2	2013	1	1
833	CP	Jansheideberg	1	1	1	1	1	2	2	2013	1	1
841	CP	Bos Terrijst	1	1	1	1	1	2	2	2014	1	1
842	CP	Bos Terrijst	1	1	1	1	1	2	2	2014	1	1
843	CP	Bos Terrijst	1	1	1	1	1	2	2	2014	1	1
844	CP	Bos Terrijst	1	1	1	1	1	2	2	2014	1	1
845	CP	Bos Terrijst	1	1	1	1	1	2	2	2014	1	1
846	CP	Bos Terrijst	1	1	1	1	1	2	2	2014	1	1
847	CP	Bos Terrijst	1	1	1	1	1	2	2	2014	1	1
848	CP	Bos Terrijst	1	1	1	1	1	2	2	2014	1	1
849	CP	Bos Terrijst	1	1	1	1	1	2	2	2014	1	1
850	CP	Bos Terrijst	1	1	1	1	1	2	2	2014	1	1
851	CP	Bos Terrijst	1	1	1	1	1	2	2	2014	1	1
852	CP	Bos Terrijst	1	1	1	1	1	2	2	2014	1	1
853	CP	Bos Terrijst	1	1	1	1	1	2	2	2014	1	1
854	CP	Bos Terrijst	1	1	1	1	1	2	2	2014	1	1
855	CP	Bos Terrijst	1	1	1	1	1	2	2	2014	1	1
856	CP	Bos Terrijst	1	1	1	1	1	2	2	2014	1	1
857	CP	Bos Terrijst	1	1	1	1	1	2	2	2014	1	1
858	CP	Bos Terrijst	1	1	1	1	1	2	2	2014	1	1
859	CP	Bos Terrijst	1	1	1	1	1	2	2	2014	1	1
860	CP	Bos Terrijst	1	1	1	1	1	2	2	2014	1	1
861	CP	Bos Terrijst	1	1	1	1	1	2	2	2014	1	1
862	CP	Bos Terrijst	1	1	1	1	1	2	2	2014	1	1
863	CP	Bos Terrijst	1	1	1	1	1	2	2	2014	1	1
864	CP	Bos Terrijst	1	1	1	1	1	2	2	2014	1	1
865	CP	Bos Terrijst	1	1	1	1	1	2	2	2014	1	1
866	CP	Bos Terrijst	1	1	1	1	1	2	2	2014	1	1
867	CP	Bos Terrijst	1	1	1	1	1	2	2	2014	1	1
868	CP	Bos Terrijst	1	1	1	1	1	2	2	2014	1	1
869	CP	Bos Terrijst	1	1	1	1	1	2	2	2014	1	1
870	CP	Bos Terrijst	1	1	1	1	1	2	2	2014	1	1
871	CP	Bos Terrijst	1	1	1	1	1	2	2	2014	1	1
872	CP	Bos Terrijst	1	1	1	1	1	2	2	2014	1	1
873	CP	Bos Terrijst	1	1	1	1	1	2	2	2014	1	1
874	CP	Bos Terrijst	1	1	1	1	1	2	2	2014	1	1
875	CP	Bos Terrijst	1	1	1	1	1	2	2	2014	1	1
876	CP	Bos Terrijst	1	1	1	1	1	2	2	2014	1	1
877	CP	Bos Terrijst	1	1	1	1	1	2	2	2014	1	1
878	CP	Bos Terrijst	1	1	1	1	1	2	2	2014	1	1
879	CP	Bos Terrijst	1	1	1	1	1	2	2	2014	1	1
880	CP	Bos Terrijst	1	1	1	1	1	2	2	2014	1	1
881	CP	Bos Terrijst	1	1	1	1	1	2	2	2014	1	1
882	CP	Bos Terrijst	1	1	1	1	1	2	2	2014	1	1
883	CP	Bos Terrijst	1	1	1	1	1	2	2	2014	1	1
884	CP	Bos Terrijst	1	1	1	1	1	2	2	2014	1	1
885	CP	Bos Terrijst	1	1	1	1	1	2	2	2014	1	1
886	CP	Bos Terrijst	1	1	1	1	1	2	2	2014	1	1
887	CP	Bos Terrijst	1	1	1	1	1	2	2	2014	1	1
888	CP	Bos Terrijst	1	1	1	1	1	2	2	2014	1	1
889	CP	Bos Terrijst	1	1	1	1	1	2	2	2014	1	1
890	CP	Bos Terrijst	1	1	1	1	1	2	2	2014	1	1
901	CP	Pruikemakers	1	1	1	1	1	2	2	2015	1	1
902	CP	Pruikemakers	1	1	1	1	1	2	2	2015	1	1
903	CP	Pruikemakers	1	1	1	1	1	2	2	2015	1	1
904	CP	Pruikemakers	1	1	1	1	1	2	2	2015	1	1
905	CP	Pruikemakers	1	1	1	1	1	2	2	2015	1	1
906	CP	Pruikemakers	1	1	1	1	1	2	2	2015	1	1
907	CP	Pruikemakers	1	1	1	1	1	2	2	2015	1	1
908	CP	Pruikemakers	1	1	1	1	1	2	2	2015	1	1
909	CP	Pruikemakers	1	1	1	1	1	2	2	2015	1	1
910	CP	Pruikemakers	1	1	1	1	1	2	2	2015	1	1
911	CP	Pruikemakers	1	1	1	1	1	2	2	2015	1	1
912	CP	Pruikemakers	1	1	1	1	1	2	2	2015	1	1
913	CP	Pruikemakers	1	1	1	1	1	2	2	2015	1	1
914	CP	Pruikemakers	1	1	1	1	1	2	2	2015	1	1
915	CP	Pruikemakers	1	1	1	1	1	2	2	2015	1	1
916	CP	Pruikemakers	1	1	1	1	1	2	2	2015	1	1
917	CP	Pruikemakers	1	1	1	1	1	2	2	2015	1	1
918	CP	Pruikemakers	1	1	1	1	1	2	2	2015	1	1
919	CP	Pruikemakers	1	1	1	1	1	2	2	2015	1	1
920	CP	Pruikemakers	1	1	1	1	1	2	2	2015	1	1
921	CP	Pruikemakers	1	1	1	1	1	2	2	2015	1	1
922	CP	Pruikemakers	1	1	1	1	1	2	2	2015	1	1
923	CP	Pruikemakers	1	1	1	1	1	2	2	2015	1	1
924	CP	Pruikemakers	1	1	1	1	1	2	2	2015	1	1
925	CP	Pruikemakers	1	1	1	1	1	2	2	2015	1	1
926	CP	Pruikemakers	1	1	1	1	1	2	2	2015	1	1
927	CP	Pruikemakers	1	1	1	1	1	2	2	2015	1	1
928	CP	Pruikemakers	1	1	1	1	1	2	2	2015	1	1
929	CP	Pruikemakers	1	1	1	1	1	2	2	2015	1	1
930	CP	Pruikemakers	1	1	1	1	1	2	2	2015	1	1
931	CP	Pruikemakers	1	1	1	1	1	2	2	2015	1	1
932	CP	Pruikemakers	1	1	1	1	1	2	2	2015	1	1
933	CP	Pruikemakers	1	1	1	1	1	2	2	2015	1	1
934	CP	Pruikemakers	1	1	1	1	1	2	2	2015	1	1
935	CP	Pruikemakers	1	1	1	1	1	2	2	2015	1	1
936	CP	Pruikemakers	1	1	1	1	1	2	2	2015	1	1
937	CP	Pruikemakers	1	1	1	1	1	2	2	2015	1	1
938	CP	Pruikemakers	1	1	1	1	1	2	2	2015	1	1
939	CP	Pruikemakers	1	1	1	1	1	2	2	2015	1	1
940	CP	Pruikemakers	1	1	1	1	1	2	2	2015	1	1
941	CP	Pruikemakers	1	1	1	1	1	2	2	2015	1	1
942	CP	Pruikemakers	1	1	1	1	1	2	2	2015	1	1
943	CP	Pruikemakers	1	1	1	1	1	2	2	2015	1	1
944	CP	Pruikemakers	1	1	1	1	1	2	2	2015	1	1
945	CP	Pruikemakers	1	1	1	1	1	2	2	2015	1	1
946	CP	Pruikemakers	1	1	1	1	1	2	2	2015	1	1
947	CP	Pruikemakers	1	1	1	1	1	2	2	2015	1	1
948	CP	Pruikemakers	1	1	1	1	1	2	2	2015	1	1
949	CP	Pruikemakers	1	1	1	1	1	2	2	2015	1	1
950	CP	Pruikemakers	1	1	1	1	1	2	2	2015	1	1
951	CP	Pruikemakers	1	1	1	1	1	2	2	2015	1	1
952	CP	Pruikemakers	1	1	1	1	1	2	2	2015	1	1
953	CP	Pruikemakers	1	1	1	1	1	2	2	2015	1	1
954	CP	Pruikemakers	1	1	1	1	1	2	2	2015	1	1
955	CP	Pruikemakers	1	1	1	1	1	2	2	2015	1	1
956	CP	Pruikemakers	1	1	1	1	1	2	2	2015	1	1
957	CP	Pruikemakers	1	1	1	1	1	2	2	2015	1	1
958	CP	Pruikemakers	1	1	1	1	1	2	2	2015	1	1
959	CP	Pruikemakers	1	1	1	1	1	2	2	2015	1	1
960	CP	Pruikemakers	1	1	1	1	1	2	2	2015	1	1
961	CP	Pruikemakers	1	1	1	1	1	2	2	2015	1	1
962	CP	Pruikemakers	1	1	1	1	1	2	2	2015	1	1
963	CP	Pruikemakers	1	1	1	1	1	2	2	2015	1	1
964	CP	Pruikemakers	1	1	1	1	1	2	2	2015	1	1
965	CP	Pruikemakers	1	1	1	1	1	2	2	2015	1	1
966	CP	Pruikemakers	1	1	1	1	1	2	2	2015	1	1
1003	CP	Liedekerke	1	1	1	1	1	2	2	2016	1	1
1004	CP	Liedekerke	1	1	1	1	1	2	2	2016	1	1
1005	CP	Liedekerke	1	1	1	1	1	2	2	2016	1	1
1008	CP	Liedekerke	1	1	1	1	1	2	2	2016	1	1
1009	CP	Liedekerke	1	1	1	1	1	2	2	2016	1	1
1011	CP	Liedekerke	1	1	1	1	1	2	2	2016	1	1
1018	CP	Liedekerke	1	1	1	1	1	2	2	2016	1	1
1019	CP	Liedekerke	1	1	1	1	1	2	2	2016	1	1
1022	CP	Liedekerke	1	1	1	1	1	2	2	2016	1	1
1023	CP	Liedekerke	1	1	1	1	1	2	2	2016	1	1
1024	CP	Liedekerke	1	1	1	1	1	2	2	2016	1	1
1026	CP	Liedekerke	1	1	1	1	1	2	2	2016	1	1
1027	CP	Liedekerke	1	1	1	1	1	2	2	2016	1	1
1028	CP	Liedekerke	1	1	1	1	1	2	2	2016	1	1
1029	CP	Liedekerke	1	1	1	1	1	2	2	2016	1	1
1032	CP	Liedekerke	1	1	1	1	1	2	2	2016	1	1
1035	CP	Liedekerke	1	1	1	1	1	2	2	2016	1	1
1037	CP	Liedekerke	1	1	1	1	1	2	2	2016	1	1
1041	CP	Liedekerke	1	1	1	1	1	2	2	2016	1	1
1044	CP	Liedekerke	1	1	1	1	1	2	2	2016	1	1
1046	CP	Liedekerke	1	1	1	1	1	2	2	2016	1	1
1051	CP	Liedekerke	1	1	1	1	1	2	2	2016	1	1
1052	CP	Liedekerke	1	1	1	1	1	2	2	2016	1	1
1053	CP	Liedekerke	1	1	1	1	1	2	2	2016	1	1
1058	CP	Liedekerke	1	1	1	1	1	2	2	2016	1	1
1059	CP	Liedekerke	1	1	1	1	1	2	2	2016	1	1
1060	CP	Liedekerke	1	1	1	1	1	2	2	2016	1	1
1062	CP	Liedekerke	1	1	1	1	1	2	2	2016	1	1
1063	CP	Liedekerke	1	1	1	1	1	2	2	2016	1	1
1065	CP	Liedekerke	1	1	1	1	1	2	2	2016	1	1
1101	CP	Sevendonck	1	1	1	1	1	2	2	2016	1	1
1102	CP	Sevendonck	1	1	1	1	1	2	2	2016	1	1
1103	CP	Sevendonck	1	1	1	1	1	2	2	2016	1	1
1104	CP	Sevendonck	1	1	1	1	1	2	2	2016	1	1
1105	CP	Sevendonck	1	1	1	1	1	2	2	2016	1	1
1106	CP	Sevendonck	1	1	1	1	1	2	2	2016	1	1
1107	CP	Sevendonck	1	1	1	1	1	2	2	2016	1	1
1108	CP	Sevendonck	1	1	1	1	1	2	2	2016	1	1
1109	CP	Sevendonck	1	1	1	1	1	2	2	2016	1	1
1110	CP	Sevendonck	1	1	1	1	1	2	2	2016	1	1
1111	CP	Sevendonck	1	1	1	1	1	2	2	2016	1	1
1112	CP	Sevendonck	1	1	1	1	1	2	2	2016	1	1
1113	CP	Sevendonck	1	1	1	1	1	2	2	2016	1	1
1114	CP	Sevendonck	1	1	1	1	1	2	2	2016	1	1
1115	CP	Sevendonck	1	1	1	1	1	2	2	2016	1	1
1116	CP	Sevendonck	1	1	1	1	1	2	2	2016	1	1
1117	CP	Sevendonck	1	1	1	1	1	2	2	2016	1	1
1118	CP	Sevendonck	1	1	1	1	1	2	2	2016	1	1
1119	CP	Sevendonck	1	1	1	1	1	2	2	2016	1	1
1120	CP	Sevendonck	1	1	1	1	1	2	2	2016	1	1
1121	CP	Sevendonck	1	1	1	1	1	2	2	2016	1	1
1122	CP	Sevendonck	1	1	1	1	1	2	2	2016	1	1
1123	CP	Sevendonck	1	1	1	1	1	2	2	2016	1	1
1124	CP	Sevendonck	1	1	1	1	1	2	2	2016	1	1
1125	CP	Sevendonck	1	1	1	1	1	2	2	2016	1	1
1126	CP	Sevendonck	1	1	1	1	1	2	2	2016	1	1
1127	CP	Sevendonck	1	1	1	1	1	2	2	2016	1	1
1128	CP	Sevendonck	1	1	1	1	1	2	2	2016	1	1
1129	CP	Sevendonck	1	1	1	1	1	2	2	2016	1	1
1130	CP	Sevendonck	1	1	1	1	1	2	2	2016	1	1
1131	CP	Sevendonck	1	1	1	1	1	2	2	2016	1	1
1132	CP	Sevendonck	1	1	1	1	1	2	2	2016	1	1
1133	CP	Sevendonck	1	1	1	1	1	2	2	2016	1	1
1134	CP	Sevendonck	1	1	1	1	1	2	2	2016	1	1
1135	CP	Sevendonck	1	1	1	1	1	2	2	2016	1	1
1136	CP	Sevendonck	1	1	1	1	1	2	2	2016	1	1
1137	CP	Sevendonck	1	1	1	1	1	2	2	2016	1	1
1138	CP	Sevendonck	1	1	1	1	1	2	2	2016	1	1
1139	CP	Sevendonck	1	1	1	1	1	2	2	2016	1	1
1140	CP	Sevendonck	1	1	1	1	1	2	2	2016	1	1
1141	CP	Sevendonck	1	1	1	1	1	2	2	2016	1	1
1142	CP	Sevendonck	1	1	1	1	1	2	2	2016	1	1
1143	CP	Sevendonck	1	1	1	1	1	2	2	2016	1	1
1144	CP	Sevendonck	1	1	1	1	1	2	2	2016	1	1
1145	CP	Sevendonck	1	1	1	1	1	2	2	2016	1	1
1146	CP	Sevendonck	1	1	1	1	1	2	2	2016	1	1
1147	CP	Sevendonck	1	1	1	1	1	2	2	2016	1	1
1148	CP	Sevendonck	1	1	1	1	1	2	2	2016	1	1
1149	CP	Sevendonck	1	1	1	1	1	2	2	2016	1	1
1150	CP	Sevendonck	1	1	1	1	1	2	2	2016	1	1
1151	CP	Sevendonck	1	1	1	1	1	2	2	2016	1	1
1152	CP	Sevendonck	1	1	1	1	1	2	2	2016	1	1
1153	CP	Sevendonck	1	1	1	1	1	2	2	2016	1	1
1154	CP	Sevendonck	1	1	1	1	1	2	2	2016	1	1
1155	CP	Sevendonck	1	1	1	1	1	2	2	2016	1	1
1156	CP	Sevendonck	1	1	1	1	1	2	2	2016	1	1
1157	CP	Sevendonck	1	1	1	1	1	2	2	2016	1	1
1158	CP	Sevendonck	1	1	1	1	1	2	2	2016	1	1
1159	CP	Sevendonck	1	1	1	1	1	2	2	2016	1	1
1160	CP	Sevendonck	1	1	1	1	1	2	2	2016	1	1
1161	CP	Sevendonck	1	1	1	1	1	2	2	2016	1	1
1162	CP	Sevendonck	1	1	1	1	1	2	2	2016	1	1
1163	CP	Sevendonck	1	1	1	1	1	2	2	2016	1	1
1164	CP	Sevendonck	1	1	1	1	1	2	2	2016	1	1
1165	CP	Sevendonck	1	1	1	1	1	2	2	2016	1	1
1166	CP	Sevendonck	1	1	1	1	1	2	2	2016	1	1
1167	CP	Sevendonck	1	1	1	1	1	2	2	2016	1	1
1168	CP	Sevendonck	1	1	1	1	1	2	2	2016	1	1
1169	CP	Sevendonck	1	1	1	1	1	2	2	2016	1	1
1170	CP	Sevendonck	1	1	1	1	1	2	2	2016	1	1
1171	CP	Sevendonck	1	1	1	1	1	2	2	2016	1	1
1172	CP	Sevendonck	1	1	1	1	1	2	2	2016	1	1
1173	CP	Sevendonck	1	1	1	1	1	2	2	2016	1	1
1174	CP	Sevendonck	1	1	1	1	1	2	2	2016	1	1
1175	CP	Sevendonck	1	1	1	1	1	2	2	2016	1	1
1176	CP	Sevendonck	1	1	1	1	1	2	2	2016	1	1
1177	CP	Sevendonck	1	1	1	1	1	2	2	2016	1	1
1178	CP	Sevendonck	1	1	1	1	1	2	2	2016	1	1
1201	CP	Muizenbos	1	1	1	1	1	2	2	2017	1	1
1202	CP	Muizenbos	1	1	1	1	1	2	2	2017	1	1
1203	CP	Muizenbos	1	1	1	1	1	2	2	2017	1	1
1204	CP	Muizenbos	1	1	1	1	1	2	2	2017	1	1
1205	CP	Muizenbos	1	1	1	1	1	2	2	2017	1	1
1206	CP	Muizenbos	1	1	1	1	1	2	2	2017	1	1
1207	CP	Muizenbos	1	1	1	1	1	2	2	2017	1	1
1208	CP	Muizenbos	1	1	1	1	1	2	2	2017	1	1
1209	CP	Muizenbos	1	1	1	1	1	2	2	2017	1	1
1210	CP	Muizenbos	1	1	1	1	1	2	2	2017	1	1
1211	CP	Muizenbos	1	1	1	1	1	2	2	2017	1	1
1212	CP	Muizenbos	1	1	1	1	1	2	2	2017	1	1
1213	CP	Muizenbos	1	1	1	1	1	2	2	2017	1	1
1214	CP	Muizenbos	1	1	1	1	1	2	2	2017	1	1
1215	CP	Muizenbos	1	1	1	1	1	2	2	2017	1	1
1216	CP	Muizenbos	1	1	1	1	1	2	2	2017	1	1
1217	CP	Muizenbos	1	1	1	1	1	2	2	2017	1	1
1218	CP	Muizenbos	1	1	1	1	1	2	2	2017	1	1
1219	CP	Muizenbos	1	1	1	1	1	2	2	2017	1	1
1220	CP	Muizenbos	1	1	1	1	1	2	2	2017	1	1
1221	CP	Muizenbos	1	1	1	1	1	2	2	2017	1	1
1222	CP	Muizenbos	1	1	1	1	1	2	2	2017	1	1
1223	CP	Muizenbos	1	1	1	1	1	2	2	2017	1	1
1224	CP	Muizenbos	1	1	1	1	1	2	2	2017	1	1
1225	CP	Muizenbos	1	1	1	1	1	2	2	2017	1	1
1226	CP	Muizenbos	1	1	1	1	1	2	2	2017	1	1
1227	CP	Muizenbos	1	1	1	1	1	2	2	2017	1	1
1228	CP	Muizenbos	1	1	1	1	1	2	2	2017	1	1
1229	CP	Muizenbos	1	1	1	1	1	2	2	2017	1	1
1230	CP	Muizenbos	1	1	1	1	1	2	2	2017	1	1
1231	CP	Muizenbos	1	1	1	1	1	2	2	2017	1	1
1232	CP	Muizenbos	1	1	1	1	1	2	2	2017	1	1
1233	CP	Muizenbos	1	1	1	1	1	2	2	2017	1	1
1234	CP	Muizenbos	1	1	1	1	1	2	2	2017	1	1
1235	CP	Muizenbos	1	1	1	1	1	2	2	2017	1	1
1236	CP	Muizenbos	1	1	1	1	1	2	2	2017	1	1
1237	CP	Muizenbos	1	1	1	1	1	2	2	2017	1	1
1238	CP	Muizenbos	1	1	1	1	1	2	2	2017	1	1
1239	CP	Muizenbos	1	1	1	1	1	2	2	2017	1	1
1240	CP	Muizenbos	1	1	1	1	1	2	2	2017	1	1
1241	CP	Muizenbos	1	1	1	1	1	2	2	2017	1	1
1242	CP	Muizenbos	1	1	1	1	1	2	2	2017	1	1
1243	CP	Muizenbos	1	1	1	1	1	2	2	2017	1	1
1244	CP	Muizenbos	1	1	1	1	1	2	2	2017	1	1
1245	CP	Muizenbos	1	1	1	1	1	2	2	2017	1	1
1246	CP	Muizenbos	1	1	1	1	1	2	2	2017	1	1
1301	CP	Ename	1	1	1	1	1	2	1	2014	1	1
1302	CP	Ename	1	1	1	1	1	2	1	2014	1	1
1303	CP	Ename	1	1	1	1	1	2	1	2014	1	1
1304	CP	Ename	1	1	1	1	1	2	1	2014	1	1
1305	CP	Ename	1	1	1	1	1	2	1	2014	1	1
1306	CP	Ename	1	1	1	1	1	2	1	2014	1	1
1307	CP	Ename	1	1	1	1	1	2	1	2014	1	1
1308	CP	Ename	1	1	1	1	1	2	1	2014	1	1
1309	CP	Ename	1	1	1	1	1	2	1	2014	1	1
1310	CP	Ename	1	1	1	1	1	2	1	2014	1	1
1311	CP	Ename	1	1	1	1	1	2	1	2014	1	1
1312	CP	Ename	1	1	1	1	1	2	1	2014	1	1
1313	CP	Ename	1	1	1	1	1	2	1	2014	1	1
1314	CP	Ename	1	1	1	1	1	2	1	2014	1	1
1315	CP	Ename	1	1	1	1	1	2	1	2014	1	1
1316	CP	Ename	1	1	1	1	1	2	1	2014	1	1
1317	CP	Ename	1	1	1	1	1	2	1	2014	1	1
1318	CP	Ename	1	1	1	1	1	2	1	2014	1	1
1319	CP	Ename	1	1	1	1	1	2	1	2014	1	1
1320	CP	Ename	1	1	1	1	1	2	1	2014	1	1
1321	CP	Ename	1	1	1	1	1	2	1	2014	1	1
1322	CP	Ename	1	1	1	1	1	2	1	2014	1	1
1323	CP	Ename	1	1	1	1	1	2	1	2014	1	1
1324	CP	Ename	1	1	1	1	1	2	1	2014	1	1
1325	CP	Ename	1	1	1	1	1	2	1	2014	1	1
1326	CP	Ename	1	1	1	1	1	2	1	2014	1	1
1327	CP	Ename	1	1	1	1	1	2	1	2014	1	1
1328	CP	Ename	1	1	1	1	1	2	1	2014	1	1
1329	CP	Ename	1	1	1	1	1	2	1	2014	1	1
1330	CP	Ename	1	1	1	1	1	2	1	2014	1	1
1331	CP	Ename	1	1	1	1	1	2	1	2014	1	1
1332	CP	Ename	1	1	1	1	1	2	1	2014	1	1
1333	CP	Ename	1	1	1	1	1	2	1	2014	1	1
1334	CP	Ename	1	1	1	1	1	2	1	2014	1	1
1335	CP	Ename	1	1	1	1	1	2	1	2014	1	1
1336	CP	Ename	1	1	1	1	1	2	1	2014	1	1
1337	CP	Ename	1	1	1	1	1	2	1	2014	1	1
1338	CP	Ename	1	1	1	1	1	2	1	2014	1	1
1339	CP	Ename	1	1	1	1	1	2	1	2014	1	1
1340	CP	Ename	1	1	1	1	1	2	1	2014	1	1
1341	CP	Ename	1	1	1	1	1	2	1	2014	1	1
1342	CP	Ename	1	1	1	1	1	2	1	2014	1	1
1343	CP	Ename	1	1	1	1	1	2	1	2014	1	1
1344	CP	Ename	1	1	1	1	1	2	1	2014	1	1
1345	CP	Ename	1	1	1	1	1	2	1	2014	1	1
1346	CP	Ename	1	1	1	1	1	2	1	2014	1	1
1347	CP	Ename	1	1	1	1	1	2	1	2014	1	1
1348	CP	Ename	1	1	1	1	1	2	1	2014	1	1
1349	CP	Ename	1	1	1	1	1	2	1	2014	1	1
1350	CP	Ename	1	1	1	1	1	2	1	2014	1	1
1351	CP	Ename	1	1	1	1	1	2	1	2014	1	1
1352	CP	Ename	1	1	1	1	1	2	1	2014	1	1
1353	CP	Ename	1	1	1	1	1	2	1	2014	1	1
1354	CP	Ename	1	1	1	1	1	2	1	2014	1	1
1355	CP	Ename	1	1	1	1	1	2	1	2014	1	1
1356	CP	Ename	1	1	1	1	1	2	1	2014	1	1
1357	CP	Ename	1	1	1	1	1	2	1	2014	1	1
1358	CP	Ename	1	1	1	1	1	2	1	2014	1	1
1359	CP	Ename	1	1	1	1	1	2	1	2014	1	1
1360	CP	Ename	1	1	1	1	1	2	1	2014	1	1
1361	CP	Ename	1	1	1	1	1	2	1	2014	1	1
1362	CP	Ename	1	1	1	1	1	2	1	2014	1	1
1363	CP	Ename	1	1	1	1	1	2	1	2014	1	1
1364	CP	Ename	1	1	1	1	1	2	1	2014	1	1
1365	CP	Ename	1	1	1	1	1	2	1	2014	1	1
1366	CP	Ename	1	1	1	1	1	2	1	2014	1	1
1367	CP	Ename	1	1	1	1	1	2	1	2014	1	1
1368	CP	Ename	1	1	1	1	1	2	1	2014	1	1
1369	CP	Ename	1	1	1	1	1	2	1	2014	1	1
1370	CP	Ename	1	1	1	1	1	2	1	2014	1	1
1371	CP	Ename	1	1	1	1	1	2	1	2014	1	1
1372	CP	Ename	1	1	1	1	1	2	1	2014	1	1
1373	CP	Ename	1	1	1	1	1	2	1	2014	1	1
1401	CP	De heide	1	1	1	1	1	2	1	2016	1	1
1402	CP	De heide	1	1	1	1	1	2	1	2016	1	1
1403	CP	De heide	1	1	1	1	1	2	1	2016	1	1
1404	CP	De heide	1	1	1	1	1	2	1	2016	1	1
1405	CP	De heide	1	1	1	1	1	2	1	2016	1	1
1406	CP	De heide	1	1	1	1	1	2	1	2016	1	1
1407	CP	De heide	1	1	1	1	1	2	1	2016	1	1
1408	CP	De heide	1	1	1	1	1	2	1	2016	1	1
1409	CP	De heide	1	1	1	1	1	2	1	2016	1	1
1410	CP	De heide	1	1	1	1	1	2	1	2016	1	1
1411	CP	De heide	1	1	1	1	1	2	1	2016	1	1
1412	CP	De heide	1	1	1	1	1	2	1	2016	1	1
1413	CP	De heide	1	1	1	1	1	2	1	2016	1	1
1414	CP	De heide	1	1	1	1	1	2	1	2016	1	1
1415	CP	De heide	1	1	1	1	1	2	1	2016	1	1
1416	CP	De heide	1	1	1	1	1	2	1	2016	1	1
1417	CP	De heide	1	1	1	1	1	2	1	2016	1	1
1418	CP	De heide	1	1	1	1	1	2	1	2016	1	1
1419	CP	De heide	1	1	1	1	1	2	1	2016	1	1
1420	CP	De heide	1	1	1	1	1	2	1	2016	1	1
1421	CP	De heide	1	1	1	1	1	2	1	2016	1	1
1422	CP	De heide	1	1	1	1	1	2	1	2016	1	1
1423	CP	De heide	1	1	1	1	1	2	1	2016	1	1
1424	CP	De heide	1	1	1	1	1	2	1	2016	1	1
1425	CP	De heide	1	1	1	1	1	2	1	2016	1	1
1426	CP	De heide	1	1	1	1	1	2	1	2016	1	1
1427	CP	De heide	1	1	1	1	1	2	1	2016	1	1
1428	CP	De heide	1	1	1	1	1	2	1	2016	1	1
1429	CP	De heide	1	1	1	1	1	2	1	2016	1	1
1430	CP	De heide	1	1	1	1	1	2	1	2016	1	1
1431	CP	De heide	1	1	1	1	1	2	1	2016	1	1
1432	CP	De heide	1	1	1	1	1	2	1	2016	1	1
1433	CP	De heide	1	1	1	1	1	2	1	2016	1	1
1434	CP	De heide	1	1	1	1	1	2	1	2016	1	1
1435	CP	De heide	1	1	1	1	1	2	1	2016	1	1
1436	CP	De heide	1	1	1	1	1	2	1	2016	1	1
1437	CP	De heide	1	1	1	1	1	2	1	2016	1	1
1438	CP	De heide	1	1	1	1	1	2	1	2016	1	1
1439	CP	De heide	1	1	1	1	1	2	1	2016	1	1
1440	CP	De heide	1	1	1	1	1	2	1	2016	1	1
1441	CP	De heide	1	1	1	1	1	2	1	2016	1	1
1442	CP	De heide	1	1	1	1	1	2	1	2016	1	1
1443	CP	De heide	1	1	1	1	1	2	1	2016	1	1
1444	CP	De heide	1	1	1	1	1	2	1	2016	1	1
1445	CP	De heide	1	1	1	1	1	2	1	2016	1	1
1446	CP	De heide	1	1	1	1	1	2	1	2016	1	1
1447	CP	De heide	1	1	1	1	1	2	1	2016	1	1
1448	CP	De heide	1	1	1	1	1	2	1	2016	1	1
1449	CP	De heide	1	1	1	1	1	2	1	2016	1	1
1450	CP	De heide	1	1	1	1	1	2	1	2016	1	1
1451	CP	De heide	1	1	1	1	1	2	1	2016	1	1
1452	CP	De heide	1	1	1	1	1	2	1	2016	1	1
1501	CP	Kluisbos	1	1	1	1	1	2	1	2018	1	1
1502	CP	Kluisbos	1	1	1	1	1	2	1	2018	1	1
1503	CP	Kluisbos	1	1	1	1	1	2	1	2018	1	1
1504	CP	Kluisbos	1	1	1	1	1	2	1	2018	1	1
1505	CP	Kluisbos	1	1	1	1	1	2	1	2018	1	1
1506	CP	Kluisbos	1	1	1	1	1	2	1	2018	1	1
1507	CP	Kluisbos	1	1	1	1	1	2	1	2018	1	1
1508	CP	Kluisbos	1	1	1	1	1	2	1	2018	1	1
1509	CP	Kluisbos	1	1	1	1	1	2	1	2018	1	1
1510	CP	Kluisbos	1	1	1	1	1	2	1	2018	1	1
1511	CP	Kluisbos	1	1	1	1	1	2	1	2018	1	1
1512	CP	Kluisbos	1	1	1	1	1	2	1	2018	1	1
1513	CP	Kluisbos	1	1	1	1	1	2	1	2018	1	1
1514	CP	Kluisbos	1	1	1	1	1	2	1	2018	1	1
1515	CP	Kluisbos	1	1	1	1	1	2	1	2018	1	1
1516	CP	Kluisbos	1	1	1	1	1	2	1	2018	1	1
1517	CP	Kluisbos	1	1	1	1	1	2	1	2018	1	1
1518	CP	Kluisbos	1	1	1	1	1	2	1	2018	1	1
1519	CP	Kluisbos	1	1	1	1	1	2	1	2018	1	1
1520	CP	Kluisbos	1	1	1	1	1	2	1	2018	1	1
1521	CP	Kluisbos	1	1	1	1	1	2	1	2018	1	1
1522	CP	Kluisbos	1	1	1	1	1	2	1	2018	1	1
1523	CP	Kluisbos	1	1	1	1	1	2	1	2018	1	1
1524	CP	Kluisbos	1	1	1	1	1	2	1	2018	1	1
1525	CP	Kluisbos	1	1	1	1	1	2	1	2018	1	1
1526	CP	Kluisbos	1	1	1	1	1	2	1	2018	1	1
1527	CP	Kluisbos	1	1	1	1	1	2	1	2018	1	1
1528	CP	Kluisbos	1	1	1	1	1	2	1	2018	1	1
1529	CP	Kluisbos	1	1	1	1	1	2	1	2018	1	1
1530	CP	Kluisbos	1	1	1	1	1	2	1	2018	1	1
1531	CP	Kluisbos	1	1	1	1	1	2	1	2018	1	1
1532	CP	Kluisbos	1	1	1	1	1	2	1	2018	1	1
1533	CP	Kluisbos	1	1	1	1	1	2	1	2018	1	1
1534	CP	Kluisbos	1	1	1	1	1	2	1	2018	1	1
1535	CP	Kluisbos	1	1	1	1	1	2	1	2018	1	1
1536	CP	Kluisbos	1	1	1	1	1	2	1	2018	1	1
1537	CP	Kluisbos	1	1	1	1	1	2	1	2018	1	1
1538	CP	Kluisbos	1	1	1	1	1	2	1	2018	1	1
1539	CP	Kluisbos	1	1	1	1	1	2	1	2018	1	1
1540	CP	Kluisbos	1	1	1	1	1	2	1	2018	1	1
1541	CP	Kluisbos	1	1	1	1	1	2	1	2018	1	1
1542	CP	Kluisbos	1	1	1	1	1	2	1	2018	1	1
1543	CP	Kluisbos	1	1	1	1	1	2	1	2018	1	1
1544	CP	Kluisbos	1	1	1	1	1	2	1	2018	1	1
1545	CP	Kluisbos	1	1	1	1	1	2	1	2018	1	1
1546	CP	Kluisbos	1	1	1	1	1	2	1	2018	1	1
1547	CP	Kluisbos	1	1	1	1	1	2	1	2018	1	1
1548	CP	Kluisbos	1	1	1	1	1	2	1	2018	1	1
1549	CP	Kluisbos	1	1	1	1	1	2	1	2018	1	1
1550	CP	Kluisbos	1	1	1	1	1	2	1	2018	1	1
1551	CP	Kluisbos	1	1	1	1	1	2	1	2018	1	1
1552	CP	Kluisbos	1	1	1	1	1	2	1	2018	1	1
1553	CP	Kluisbos	1	1	1	1	1	2	1	2018	1	1
1554	CP	Kluisbos	1	1	1	1	1	2	1	2018	1	1
1555	CP	Kluisbos	1	1	1	1	1	2	1	2018	1	1
1556	CP	Kluisbos	1	1	1	1	1	2	1	2018	1	1
1557	CP	Kluisbos	1	1	1	1	1	2	1	2018	1	1
1558	CP	Kluisbos	1	1	1	1	1	2	1	2018	1	1
1559	CP	Kluisbos	1	1	1	1	1	2	1	2018	1	1
1560	CP	Kluisbos	1	1	1	1	1	2	1	2018	1	1
1561	CP	Kluisbos	1	1	1	1	1	2	1	2018	1	1
1562	CP	Kluisbos	1	1	1	1	1	2	1	2018	1	1
1563	CP	Kluisbos	1	1	1	1	1	2	1	2018	1	1
1564	CP	Kluisbos	1	1	1	1	1	2	1	2018	1	1
1565	CP	Kluisbos	1	1	1	1	1	2	1	2018	1	1
1566	CP	Kluisbos	1	1	1	1	1	2	1	2018	1	1
1567	CP	Kluisbos	1	1	1	1	1	2	1	2018	1	1
1568	CP	Kluisbos	1	1	1	1	1	2	1	2018	1	1
1569	CP	Kluisbos	1	1	1	1	1	2	1	2018	1	1
1570	CP	Kluisbos	1	1	1	1	1	2	1	2018	1	1
1571	CP	Kluisbos	1	1	1	1	1	2	1	2018	1	1
1572	CP	Kluisbos	1	1	1	1	1	2	1	2018	1	1
1573	CP	Kluisbos	1	1	1	1	1	2	1	2018	1	1
1574	CP	Kluisbos	1	0	1	1	1	2	1	2018	1	1
1575	CP	Kluisbos	1	0	1	1	1	2	1	2018	1	1
1576	CP	Kluisbos	1	0	1	1	1	2	1	2018	1	1
1577	CP	Kluisbos	1	0	1	1	1	2	1	2018	1	1
1578	CP	Kluisbos	1	0	1	1	1	2	1	2018	1	1
1579	CP	Kluisbos	1	0	1	1	1	2	1	2018	1	1
1580	CP	Kluisbos	1	0	1	1	1	2	1	2018	1	1
1581	CP	Kluisbos	1	0	1	1	1	2	1	2018	1	1
1582	CP	Kluisbos	1	0	1	1	1	2	1	2018	1	1
1583	CP	Kluisbos	1	0	1	1	1	2	1	2018	1	1
1584	CP	Kluisbos	1	0	1	1	1	2	1	2018	1	1
1585	CP	Kluisbos	1	0	1	1	1	2	1	2018	1	1
1586	CP	Kluisbos	1	0	1	1	1	2	1	2018	1	1
1587	CP	Kluisbos	1	0	1	1	1	2	1	2018	1	1
1588	CP	Kluisbos	1	0	1	1	1	2	1	2018	1	1
1589	CP	Kluisbos	1	0	1	1	1	2	1	2018	1	1
1590	CP	Kluisbos	1	0	1	1	1	2	1	2018	1	1
1591	CP	Kluisbos	1	0	1	1	1	2	1	2018	1	1
1592	CP	Kluisbos	1	0	1	1	1	2	1	2018	1	1
1593	CP	Kluisbos	1	0	1	1	1	2	1	2018	1	1
1594	CP	Kluisbos	1	0	1	1	1	2	1	2018	1	1
1595	CP	Kluisbos	1	1	1	1	1	2	1	2018	1	1
1596	CP	Kluisbos	1	1	1	1	1	2	1	2018	1	1
1597	CP	Kluisbos	1	1	1	1	1	2	1	2018	1	1
1598	CP	Kluisbos	1	1	1	1	1	2	1	2018	1	1
1599	CP	Kluisbos	1	1	1	1	1	2	1	2018	1	1
1600	CP	Kluisbos	1	1	1	1	1	2	1	2018	1	1
1601	CP	Kluisbos	1	1	1	1	1	2	1	2018	1	1
1602	CP	Kluisbos	1	1	1	1	1	2	1	2018	1	1
1603	CP	Kluisbos	1	1	1	1	1	2	1	2018	1	1
1604	CP	Kluisbos	1	1	1	1	1	2	1	2018	1	1
1605	CP	Kluisbos	1	1	1	1	1	2	1	2018	1	1
1606	CP	Kluisbos	1	1	1	1	1	2	1	2018	1	1
1607	CP	Kluisbos	1	0	1	1	1	2	1	2018	1	1
1608	CP	Kluisbos	1	0	1	1	1	2	1	2018	1	1
1609	CP	Kluisbos	1	0	1	1	1	2	1	2018	1	1
1610	CP	Kluisbos	1	0	1	1	1	2	1	2018	1	1
1611	CP	Kluisbos	1	0	1	1	1	2	1	2018	1	1
1612	CP	Kluisbos	1	0	1	1	1	2	1	2018	1	1
1613	CP	Kluisbos	1	0	1	1	1	2	1	2018	1	1
1614	CP	Kluisbos	1	0	1	1	1	2	1	2018	1	1
1615	CP	Kluisbos	1	0	1	1	1	2	1	2018	1	1
1616	CP	Kluisbos	1	0	1	1	1	2	1	2018	1	1
1617	CP	Kluisbos	1	0	1	1	1	2	1	2018	1	1
1618	CP	Kluisbos	1	0	1	1	1	2	1	2018	1	1
1619	CP	Kluisbos	1	0	1	1	1	2	1	2018	1	1
1620	CP	Kluisbos	1	0	1	1	1	2	1	2018	1	1
1621	CP	Kluisbos	1	0	1	1	1	2	1	2018	1	1
1622	CP	Kluisbos	1	0	1	1	1	2	1	2018	1	1
1623	CP	Kluisbos	1	0	1	1	1	2	1	2018	1	1
1624	CP	Kluisbos	1	0	1	1	1	2	1	2018	1	1
1625	CP	Kluisbos	1	0	1	1	1	2	1	2018	1	1
1626	CP	Kluisbos	1	0	1	1	1	2	1	2018	1	1
1627	CP	Kluisbos	1	0	1	1	1	2	1	2018	1	1
1628	CP	Kluisbos	1	0	1	1	1	2	1	2018	1	1
1701	CP	Kolmont	0	0	0	0	0	2	NA	NA	0	0
1702	CP	Kolmont	0	0	0	0	0	2	NA	NA	0	0
1703	CP	Kolmont	0	0	0	0	0	2	NA	NA	0	0
1704	CP	Kolmont	0	0	0	0	0	2	NA	NA	0	0
1705	CP	Kolmont	0	0	0	0	0	2	NA	NA	0	0
1706	CP	Kolmont	0	0	0	0	0	2	NA	NA	0	0
1707	CP	Kolmont	0	0	0	0	0	2	NA	NA	0	0
1708	CP	Kolmont	0	0	0	0	0	2	NA	NA	0	0
1709	CP	Kolmont	0	0	0	0	0	2	NA	NA	0	0
1710	CP	Kolmont	0	0	0	0	0	2	NA	NA	0	0
1711	CP	Kolmont	0	0	0	0	0	2	NA	NA	0	0
1712	CP	Kolmont	0	0	0	0	0	2	NA	NA	0	0
1713	CP	Kolmont	0	0	0	0	0	2	NA	NA	0	0
1714	CP	Kolmont	0	0	0	0	0	2	NA	NA	0	0
1715	CP	Kolmont	0	0	0	0	0	2	NA	NA	0	0
1716	CP	Kolmont	0	0	0	0	0	2	NA	NA	0	0
1717	CP	Kolmont	0	0	0	0	0	2	NA	NA	0	0
1718	CP	Kolmont	0	0	0	0	0	2	NA	NA	0	0
1719	CP	Kolmont	0	0	0	0	0	2	NA	NA	0	0
1720	CP	Kolmont	0	0	0	0	0	2	NA	NA	0	0
1721	CP	Kolmont	0	0	0	0	0	2	NA	NA	0	0
1722	CP	Kolmont	0	0	0	0	0	2	NA	NA	0	0
1723	CP	Kolmont	0	0	0	0	0	2	NA	NA	0	0
1724	CP	Kolmont	0	0	0	0	0	2	NA	NA	0	0
1725	CP	Kolmont	0	0	0	0	0	2	NA	NA	0	0
1726	CP	Kolmont	0	0	0	0	0	2	NA	NA	0	0
1727	CP	Kolmont	0	0	0	0	0	2	NA	NA	0	0
1728	CP	Kolmont	0	0	0	0	0	2	NA	NA	0	0
1729	CP	Kolmont	0	0	0	0	0	2	NA	NA	0	0
1730	CP	Kolmont	0	0	0	0	0	2	NA	NA	0	0
1731	CP	Kolmont	0	0	0	0	0	2	NA	NA	0	0
1732	CP	Kolmont	0	0	0	0	0	2	NA	NA	0	0
2001	CP	Kersselaerspleyn	1	1	1	1	1	2	2	2009	0	0
2002	CP	Kersselaerspleyn	1	1	1	1	1	2	2	2010	0	0
2003	CP	Kersselaerspleyn	1	1	1	1	1	2	2	2010	0	0
2004	CP	Kersselaerspleyn	1	1	1	1	1	2	2	2009	0	0
2005	CP	Kersselaerspleyn	1	1	1	1	1	2	2	2009	0	0
2006	CP	Kersselaerspleyn	1	1	1	1	1	2	2	2009	0	0
2007	CP	Kersselaerspleyn	1	1	1	1	1	2	2	2009	0	0
2008	CP	Kersselaerspleyn	1	1	1	1	1	2	2	2009	0	0
2009	CP	Kersselaerspleyn	1	1	1	1	1	2	2	2009	0	0
2010	CP	Kersselaerspleyn	1	1	1	1	1	2	2	2009	0	0
2011	CP	Kersselaerspleyn	1	1	1	1	1	2	2	2009	0	0
2012	CP	Kersselaerspleyn	1	1	1	1	1	2	2	2009	0	0
2013	CP	Kersselaerspleyn	1	1	1	1	1	2	2	2009	0	0
2014	CP	Kersselaerspleyn	1	1	1	1	1	2	1	2010	0	0
2015	CP	Kersselaerspleyn	1	1	1	1	1	2	1	2010	0	0
2016	CP	Kersselaerspleyn	1	1	1	1	1	2	2	2010	0	0
2017	CP	Kersselaerspleyn	1	1	1	1	1	2	2	2009	0	0
2018	CP	Kersselaerspleyn	1	1	1	1	1	2	2	2009	0	0
2019	CP	Kersselaerspleyn	1	1	1	1	1	2	2	2009	0	0
2020	CP	Kersselaerspleyn	1	1	1	1	1	2	2	2009	0	0
2021	CP	Kersselaerspleyn	1	1	1	1	1	2	2	2010	0	0
2022	CP	Kersselaerspleyn	1	1	1	1	1	2	2	2010	0	0
2023	CP	Kersselaerspleyn	1	1	1	1	1	2	2	2010	0	0
2024	CP	Kersselaerspleyn	1	1	1	1	1	2	2	2010	0	0
2025	CP	Kersselaerspleyn	1	1	1	1	1	2	2	2010	0	0
2026	CP	Kersselaerspleyn	1	1	1	1	1	2	2	2010	0	0
2027	CP	Kersselaerspleyn	1	1	1	1	1	2	2	2010	0	0
2028	CP	Kersselaerspleyn	1	1	1	1	1	2	2	2010	0	0
2029	CP	Kersselaerspleyn	1	1	1	1	1	2	2	2010	0	0
2030	CP	Kersselaerspleyn	1	1	1	1	1	2	2	2010	0	0
2031	CP	Kersselaerspleyn	1	1	1	1	1	2	2	2010	0	0
2032	CP	Kersselaerspleyn	1	1	1	1	1	2	2	2010	0	0
2033	CP	Kersselaerspleyn	1	1	1	1	1	2	2	2010	0	0
2034	CP	Kersselaerspleyn	1	1	1	1	1	2	2	2010	0	0
2035	CP	Kersselaerspleyn	1	1	1	1	1	2	2	2010	0	0
2036	CP	Kersselaerspleyn	1	1	1	1	1	2	2	2010	0	0
2037	CP	Kersselaerspleyn	1	1	1	1	1	2	2	2010	0	0
2038	CP	Kersselaerspleyn	1	1	1	1	1	2	2	2010	0	0
2039	CP	Kersselaerspleyn	1	1	1	1	1	2	2	2010	0	0
2040	CP	Kersselaerspleyn	1	1	1	1	1	2	2	2010	0	0
2041	CP	Kersselaerspleyn	1	1	1	1	1	2	2	2010	0	0
2042	CP	Kersselaerspleyn	1	1	1	1	1	2	2	2010	0	0
2043	CP	Kersselaerspleyn	1	1	1	1	1	2	2	2010	0	0
2044	CP	Kersselaerspleyn	1	1	1	1	1	2	2	2010	0	0
2045	CP	Kersselaerspleyn	1	1	1	1	1	2	1	2010	0	0
2046	CP	Kersselaerspleyn	1	1	1	1	1	2	1	2010	0	0
2047	CP	Kersselaerspleyn	1	1	1	1	1	2	1	2010	0	0
2048	CP	Kersselaerspleyn	1	1	1	1	1	2	2	2010	0	0
2049	CP	Kersselaerspleyn	1	1	1	1	1	2	1	2010	0	0
2050	CP	Kersselaerspleyn	1	1	1	1	1	2	1	2010	0	0
2051	CP	Kersselaerspleyn	1	1	1	1	1	2	1	2010	0	0
2053	CP	Kersselaerspleyn	1	1	1	1	1	2	1	2010	0	0
2054	CP	Kersselaerspleyn	1	1	1	1	1	2	1	2010	0	0
2055	CP	Kersselaerspleyn	1	1	1	1	1	2	1	2010	0	0
2056	CP	Kersselaerspleyn	1	1	1	1	1	2	2	2010	0	0
2057	CP	Kersselaerspleyn	1	1	1	1	1	2	2	2010	0	0
2058	CP	Kersselaerspleyn	1	1	1	1	1	2	2	2010	0	0
2059	CP	Kersselaerspleyn	1	1	1	1	1	2	2	2010	0	0
2060	CP	Kersselaerspleyn	1	1	1	1	1	2	2	2010	0	0
2061	CP	Kersselaerspleyn	1	1	1	1	1	2	2	2010	0	0
2062	CP	Kersselaerspleyn	1	1	1	1	1	2	2	2010	0	0
2063	CP	Kersselaerspleyn	1	1	1	1	1	2	2	2010	0	0
2064	CP	Kersselaerspleyn	1	1	1	1	1	2	2	2010	0	0
2065	CP	Kersselaerspleyn	1	1	1	1	1	2	2	2010	0	0
2101	CP	Zwaenepoel	0	0	0	0	0	2	NA	NA	0	0
2102	CP	Zwaenepoel	0	0	0	0	0	2	NA	NA	0	0
2103	CP	Zwaenepoel	0	0	0	0	0	2	NA	NA	0	0
2104	CP	Zwaenepoel	0	0	0	0	0	2	NA	NA	0	0
2105	CP	Zwaenepoel	0	0	0	0	0	2	NA	NA	0	0
2106	CP	Zwaenepoel	0	0	0	0	0	2	NA	NA	0	0
2107	CP	Zwaenepoel	0	0	0	0	0	2	NA	NA	0	0
2108	CP	Zwaenepoel	0	0	0	0	0	2	NA	NA	0	0
2109	CP	Zwaenepoel	0	0	0	0	0	2	NA	NA	0	0
2110	CP	Zwaenepoel	0	0	0	0	0	2	NA	NA	0	0
2111	CP	Zwaenepoel	0	0	0	0	0	2	NA	NA	0	0
2112	CP	Zwaenepoel	0	0	0	0	0	2	NA	NA	0	0
2113	CP	Zwaenepoel	0	0	0	0	0	2	NA	NA	0	0
2114	CP	Zwaenepoel	0	0	0	0	0	2	NA	NA	0	0
2115	CP	Zwaenepoel	0	0	0	0	0	2	NA	NA	0	0
2116	CP	Zwaenepoel	0	0	0	0	0	2	NA	NA	0	0
2117	CP	Zwaenepoel	0	0	0	0	0	2	NA	NA	0	0
2118	CP	Zwaenepoel	0	0	0	0	0	2	NA	NA	0	0
2119	CP	Zwaenepoel	0	0	0	0	0	2	NA	NA	0	0
2120	CP	Zwaenepoel	0	0	0	0	0	2	NA	NA	0	0
2121	CP	Zwaenepoel	0	0	0	0	0	2	NA	NA	0	0
2122	CP	Zwaenepoel	0	0	0	0	0	2	NA	NA	0	0
2123	CP	Zwaenepoel	0	0	0	0	0	2	NA	NA	0	0
2124	CP	Zwaenepoel	0	0	0	0	0	2	NA	NA	0	0
2125	CP	Zwaenepoel	0	0	0	0	0	2	NA	NA	0	0
2126	CP	Zwaenepoel	0	0	0	0	0	2	NA	NA	0	0
2127	CP	Zwaenepoel	0	0	0	0	0	2	NA	NA	0	0
2128	CP	Zwaenepoel	0	0	0	0	0	2	NA	NA	0	0
2129	CP	Zwaenepoel	0	0	0	0	0	2	NA	NA	0	0
2130	CP	Zwaenepoel	0	0	0	0	0	2	NA	NA	0	0
2131	CP	Zwaenepoel	0	0	0	0	0	2	NA	NA	0	0
2132	CP	Zwaenepoel	0	0	0	0	0	2	NA	NA	0	0
2133	CP	Zwaenepoel	0	0	0	0	0	2	NA	NA	0	0
2134	CP	Zwaenepoel	0	0	0	0	0	2	NA	NA	0	0
2135	CP	Zwaenepoel	0	0	0	0	0	2	NA	NA	0	0
2136	CP	Zwaenepoel	0	0	0	0	0	2	NA	NA	0	0
2137	CP	Zwaenepoel	0	0	0	0	0	2	NA	NA	0	0
2138	CP	Zwaenepoel	0	0	0	0	0	2	NA	NA	0	0
2139	CP	Zwaenepoel	0	0	0	0	0	2	NA	NA	0	0
2140	CP	Zwaenepoel	0	0	0	0	0	2	NA	NA	0	0
2141	CP	Zwaenepoel	0	0	0	0	0	2	NA	NA	0	0
2142	CP	Zwaenepoel	0	0	0	0	0	2	NA	NA	0	0
2143	CP	Zwaenepoel	0	0	0	0	0	2	NA	NA	0	0
2144	CP	Zwaenepoel	0	0	0	0	0	2	NA	NA	0	0
2145	CP	Zwaenepoel	0	0	0	0	0	2	NA	NA	0	0
2146	CP	Zwaenepoel	0	0	0	0	0	2	NA	NA	0	0
2147	CP	Zwaenepoel	0	0	0	0	0	2	NA	NA	0	0
2148	CP	Zwaenepoel	0	0	0	0	0	2	NA	NA	0	0
2149	CP	Zwaenepoel	0	0	0	0	0	2	NA	NA	0	0
2150	CP	Zwaenepoel	0	0	0	0	0	2	NA	NA	0	0
2151	CP	Zwaenepoel	0	0	0	0	0	2	NA	NA	0	0
2152	CP	Zwaenepoel	0	0	0	0	0	2	NA	NA	0	0
2153	CP	Zwaenepoel	0	0	0	0	0	2	NA	NA	0	0
2154	CP	Zwaenepoel	0	0	0	0	0	2	NA	NA	0	0
2155	CP	Zwaenepoel	0	0	0	0	0	2	NA	NA	0	0
2156	CP	Zwaenepoel	0	0	0	0	0	2	NA	NA	0	0
2157	CP	Zwaenepoel	0	0	0	0	0	2	NA	NA	0	0
2158	CP	Zwaenepoel	0	0	0	0	0	2	NA	NA	0	0
2159	CP	Zwaenepoel	0	0	0	0	0	2	NA	NA	0	0
2160	CP	Zwaenepoel	0	0	0	0	0	2	NA	NA	0	0
2161	CP	Zwaenepoel	0	0	0	0	0	2	NA	NA	0	0
2162	CP	Zwaenepoel	0	0	0	0	0	2	NA	NA	0	0
2163	CP	Zwaenepoel	0	0	0	0	0	2	NA	NA	0	0
2164	CP	Zwaenepoel	0	0	0	0	0	2	NA	NA	0	0
2165	CP	Zwaenepoel	0	0	0	0	0	2	NA	NA	0	0
2166	CP	Zwaenepoel	0	0	0	0	0	2	NA	NA	0	0
2167	CP	Zwaenepoel	0	0	0	0	0	2	NA	NA	0	0
2168	CP	Zwaenepoel	0	0	0	0	0	2	NA	NA	0	0
2169	CP	Zwaenepoel	0	0	0	0	0	2	NA	NA	0	0
2170	CP	Zwaenepoel	0	0	0	0	0	2	NA	NA	0	0
2171	CP	Zwaenepoel	0	0	0	0	0	2	NA	NA	0	0
2172	CP	Zwaenepoel	0	0	0	0	0	2	NA	NA	0	0
2173	CP	Zwaenepoel	0	0	0	0	0	2	NA	NA	0	0
2174	CP	Zwaenepoel	0	0	0	0	0	2	NA	NA	0	0
2175	CP	Zwaenepoel	0	0	0	0	0	2	NA	NA	0	0
2176	CP	Zwaenepoel	0	0	0	0	0	2	NA	NA	0	0
2177	CP	Zwaenepoel	0	0	0	0	0	2	NA	NA	0	0
2178	CP	Zwaenepoel	0	0	0	0	0	2	NA	NA	0	0
2179	CP	Zwaenepoel	0	0	0	0	0	2	NA	NA	0	0
2180	CP	Zwaenepoel	0	0	0	0	0	2	NA	NA	0	0
2181	CP	Zwaenepoel	0	0	0	0	0	2	NA	NA	0	0
2182	CP	Zwaenepoel	0	0	0	0	0	2	NA	NA	0	0
2183	CP	Zwaenepoel	0	0	0	0	0	2	NA	NA	0	0
2184	CP	Zwaenepoel	0	0	0	0	0	2	NA	NA	0	0
2185	CP	Zwaenepoel	0	0	0	0	0	2	NA	NA	0	0
2186	CP	Zwaenepoel	0	0	0	0	0	2	NA	NA	0	0
11000	CA	Kersselaerspleyn	1	1	1	1	1	2	3	2009	0	0
21000	CA	Harras	1	1	1	1	1	2	2	2018	0	0
31000	CA	Hannecart	1	1	1	1	1	2	2	2011	0	0
41000	CA	Rodebos KV1	1	1	1	1	1	2	2	2011	0	0
43000	CA	Rodebos KV2	1	1	1	1	1	2	2	2011	0	0
51000	CA	Walenbos KV1	1	1	1	1	1	2	2	2011	0	0
53000	CA	Walenbos OT	1	1	1	1	1	2	2	2011	0	0
71000	CA	Wijnendalebos	1	1	1	1	1	2	2	2012	0	0
81000	CA	Everzwijnbad	1	1	1	1	1	2	2	2012	0	0
91000	CA	Heirnisse	1	1	1	1	1	2	2	2013	1	1
101000	CA	Jansheideberg	1	1	1	1	1	2	2	2013	1	1
111000	CA	Bos Terrijst	1	1	1	1	1	2	2	2014	1	1
121000	CA	Pruikemakers	1	1	1	1	1	2	2	2015	1	1
131000	CA	Liedekerke TR	1	1	1	1	1	2	2	2016	1	1
141100	CA	Sevendonck A	1	1	1	1	1	2	2	2016	1	1
141200	CA	Sevendonck Q	1	1	1	1	1	2	2	2016	1	1
151000	CA	Muizenbos	1	1	1	1	1	2	2	2017	1	1
171100	CA	Coolhem A	1	1	1	1	1	2	2	2014	1	1
171200	CA	Coolhem Q	1	1	1	1	1	2	2	2014	1	1
200	CP	Withoefse heide	1	1	1	1	0	3	3	2021	1	1
204	CP	Withoefse heide	1	1	1	1	0	3	3	2021	1	1
205	CP	Withoefse heide	1	1	1	1	0	3	3	2021	1	1
206	CP	Withoefse heide	1	1	1	1	0	3	3	2021	1	1
207	CP	Withoefse heide	1	1	1	1	0	3	3	2021	1	1
209	CP	Withoefse heide	1	1	1	1	0	3	3	2021	1	1
210	CP	Withoefse heide	1	1	1	1	0	3	3	2021	1	1
211	CP	Withoefse heide	1	1	1	1	0	3	3	2021	1	1
212	CP	Withoefse heide	1	1	1	1	0	3	3	2021	1	1
213	CP	Withoefse heide	1	1	1	1	0	3	3	2021	1	1
214	CP	Withoefse heide	1	1	1	1	0	3	3	2021	1	1
215	CP	Withoefse heide	1	1	1	1	0	3	3	2021	1	1
216	CP	Withoefse heide	1	1	1	1	0	3	3	2021	1	1
217	CP	Withoefse heide	1	1	1	1	0	3	3	2021	1	1
218	CP	Withoefse heide	1	1	1	1	0	3	3	2021	1	1
219	CP	Withoefse heide	1	1	1	1	0	3	3	2021	1	1
220	CP	Withoefse heide	1	1	1	1	0	3	3	2021	1	1
221	CP	Withoefse heide	1	1	1	1	0	3	3	2021	1	1
223	CP	Withoefse heide	1	1	1	1	0	3	3	2021	1	1
224	CP	Withoefse heide	1	1	1	1	0	3	3	2021	1	1
225	CP	Withoefse heide	1	1	1	1	0	3	3	2021	1	1
226	CP	Withoefse heide	1	1	1	1	0	3	3	2021	1	1
227	CP	Withoefse heide	1	1	1	1	0	3	3	2021	1	1
228	CP	Withoefse heide	1	1	1	1	0	3	3	2021	1	1
229	CP	Withoefse heide	1	1	1	1	0	3	3	2021	1	1
1701	CP	Kolmont	1	1	1	1	1	3	1	2020	1	1
1702	CP	Kolmont	1	1	1	1	1	3	1	2020	1	1
1703	CP	Kolmont	1	1	1	1	1	3	1	2020	1	1
1704	CP	Kolmont	1	1	1	1	1	3	1	2020	1	1
1705	CP	Kolmont	1	1	1	1	1	3	1	2020	1	1
1706	CP	Kolmont	1	1	1	1	1	3	1	2020	1	1
1707	CP	Kolmont	1	1	1	1	1	3	1	2020	1	1
1708	CP	Kolmont	1	1	1	1	1	3	1	2020	1	1
1709	CP	Kolmont	1	1	1	1	1	3	1	2020	1	1
1710	CP	Kolmont	1	1	1	1	1	3	1	2020	1	1
1711	CP	Kolmont	1	1	1	1	1	3	1	2020	1	1
1712	CP	Kolmont	1	1	1	1	1	3	1	2020	1	1
1713	CP	Kolmont	1	1	1	1	1	3	1	2020	1	1
1714	CP	Kolmont	1	1	1	1	1	3	1	2020	1	1
1715	CP	Kolmont	1	1	1	1	1	3	1	2020	1	1
1716	CP	Kolmont	1	1	1	1	1	3	1	2020	1	1
1717	CP	Kolmont	1	1	1	1	1	3	1	2020	1	1
1718	CP	Kolmont	1	1	1	1	1	3	1	2020	1	1
1719	CP	Kolmont	1	1	1	1	1	3	1	2020	1	1
1720	CP	Kolmont	1	1	1	1	1	3	1	2020	1	1
1721	CP	Kolmont	1	1	1	1	1	3	1	2020	1	1
1722	CP	Kolmont	1	1	1	1	1	3	1	2020	1	1
1723	CP	Kolmont	1	1	1	1	1	3	1	2020	1	1
1724	CP	Kolmont	1	1	1	1	1	3	1	2020	1	1
1725	CP	Kolmont	1	1	1	1	1	3	1	2020	1	1
1726	CP	Kolmont	1	1	1	1	1	3	1	2020	1	1
1727	CP	Kolmont	1	1	1	1	1	3	1	2020	1	1
1728	CP	Kolmont	1	1	1	1	1	3	1	2020	1	1
1729	CP	Kolmont	1	1	1	1	1	3	1	2020	1	1
1730	CP	Kolmont	1	1	1	1	1	3	1	2020	1	1
1731	CP	Kolmont	1	1	1	1	1	3	1	2020	1	1
1732	CP	Kolmont	1	1	1	1	1	3	1	2020	1	1
2001	CP	Kersselaerspleyn	1	1	1	1	1	3	3	2020	1	1
2002	CP	Kersselaerspleyn	1	1	1	1	1	3	3	2020	1	1
2003	CP	Kersselaerspleyn	1	1	1	1	1	3	3	2020	1	1
2004	CP	Kersselaerspleyn	1	1	1	1	1	3	3	2020	1	1
2005	CP	Kersselaerspleyn	1	1	1	1	1	3	3	2020	1	1
2006	CP	Kersselaerspleyn	1	1	1	1	1	3	3	2020	1	1
2007	CP	Kersselaerspleyn	1	1	1	1	1	3	3	2020	1	1
2008	CP	Kersselaerspleyn	1	1	1	1	1	3	3	2020	1	1
2009	CP	Kersselaerspleyn	1	1	1	1	1	3	3	2020	1	1
2010	CP	Kersselaerspleyn	1	1	1	1	1	3	3	2020	1	1
2011	CP	Kersselaerspleyn	1	1	1	1	1	3	3	2020	1	1
2012	CP	Kersselaerspleyn	1	1	1	1	1	3	3	2020	1	1
2013	CP	Kersselaerspleyn	1	1	1	1	1	3	3	2020	1	1
2014	CP	Kersselaerspleyn	1	1	1	1	1	3	2	2020	1	1
2015	CP	Kersselaerspleyn	1	1	1	1	1	3	2	2020	1	1
2016	CP	Kersselaerspleyn	1	1	1	1	1	3	3	2020	1	1
2017	CP	Kersselaerspleyn	1	1	1	1	1	3	3	2020	1	1
2018	CP	Kersselaerspleyn	1	1	1	1	1	3	3	2020	1	1
2019	CP	Kersselaerspleyn	1	1	1	1	1	3	3	2020	1	1
2020	CP	Kersselaerspleyn	1	1	1	1	1	3	3	2020	1	1
2021	CP	Kersselaerspleyn	1	1	1	1	1	3	3	2020	1	1
2022	CP	Kersselaerspleyn	1	1	1	1	1	3	3	2020	1	1
2023	CP	Kersselaerspleyn	1	1	1	1	1	3	3	2020	1	1
2024	CP	Kersselaerspleyn	1	1	1	1	1	3	3	2020	1	1
2025	CP	Kersselaerspleyn	1	1	1	1	1	3	3	2020	1	1
2026	CP	Kersselaerspleyn	1	1	1	1	1	3	3	2020	1	1
2027	CP	Kersselaerspleyn	1	1	1	1	1	3	3	2020	1	1
2028	CP	Kersselaerspleyn	1	1	1	1	1	3	3	2020	1	1
2029	CP	Kersselaerspleyn	1	1	1	1	1	3	3	2020	1	1
2030	CP	Kersselaerspleyn	1	1	1	1	1	3	3	2020	1	1
2031	CP	Kersselaerspleyn	1	1	1	1	1	3	3	2020	1	1
2032	CP	Kersselaerspleyn	1	1	1	1	1	3	3	2020	1	1
2033	CP	Kersselaerspleyn	1	1	1	1	1	3	3	2020	1	1
2034	CP	Kersselaerspleyn	1	1	1	1	1	3	3	2020	1	1
2035	CP	Kersselaerspleyn	1	1	1	1	1	3	3	2020	1	1
2036	CP	Kersselaerspleyn	1	1	1	1	1	3	3	2020	1	1
2037	CP	Kersselaerspleyn	1	1	1	1	1	3	3	2020	1	1
2038	CP	Kersselaerspleyn	1	1	1	1	1	3	3	2020	1	1
2039	CP	Kersselaerspleyn	1	1	1	1	1	3	3	2020	1	1
2040	CP	Kersselaerspleyn	1	1	1	1	1	3	3	2020	1	1
2041	CP	Kersselaerspleyn	1	1	1	1	1	3	3	2020	1	1
2042	CP	Kersselaerspleyn	1	1	1	1	1	3	3	2020	1	1
2043	CP	Kersselaerspleyn	1	1	1	1	1	3	3	2020	1	1
2044	CP	Kersselaerspleyn	1	1	1	1	1	3	3	2020	1	1
2045	CP	Kersselaerspleyn	1	1	1	1	1	3	2	2020	1	1
2046	CP	Kersselaerspleyn	1	1	1	1	1	3	2	2020	1	1
2047	CP	Kersselaerspleyn	1	1	1	1	1	3	2	2020	1	1
2048	CP	Kersselaerspleyn	1	1	1	1	1	3	3	2020	1	1
2049	CP	Kersselaerspleyn	1	1	1	1	1	3	2	2020	1	1
2050	CP	Kersselaerspleyn	1	1	1	1	1	3	2	2020	1	1
2051	CP	Kersselaerspleyn	1	1	1	1	1	3	2	2020	1	1
2053	CP	Kersselaerspleyn	1	1	1	1	1	3	2	2020	1	1
2054	CP	Kersselaerspleyn	1	1	1	1	1	3	2	2020	1	1
2055	CP	Kersselaerspleyn	1	1	1	1	1	3	2	2020	1	1
2056	CP	Kersselaerspleyn	1	1	1	1	1	3	3	2020	1	1
2057	CP	Kersselaerspleyn	1	1	1	1	1	3	3	2020	1	1
2058	CP	Kersselaerspleyn	1	1	1	1	1	3	3	2020	1	1
2059	CP	Kersselaerspleyn	1	1	1	1	1	3	3	2020	1	1
2060	CP	Kersselaerspleyn	1	1	1	1	1	3	3	2020	1	1
2061	CP	Kersselaerspleyn	1	1	1	1	1	3	3	2020	1	1
2062	CP	Kersselaerspleyn	1	1	1	1	1	3	3	2020	1	1
2063	CP	Kersselaerspleyn	1	1	1	1	1	3	3	2020	1	1
2064	CP	Kersselaerspleyn	1	1	1	1	1	3	3	2020	1	1
2065	CP	Kersselaerspleyn	1	1	1	1	1	3	3	2020	1	1
2101	CP	Zwaenepoel	1	1	1	1	1	3	1	2019	1	1
2102	CP	Zwaenepoel	1	1	1	1	1	3	1	2019	1	1
2103	CP	Zwaenepoel	1	1	1	1	1	3	1	2019	1	1
2104	CP	Zwaenepoel	1	1	1	1	1	3	1	2019	1	1
2105	CP	Zwaenepoel	1	1	1	1	1	3	1	2019	1	1
2106	CP	Zwaenepoel	1	1	1	1	1	3	1	2019	1	1
2107	CP	Zwaenepoel	1	1	1	1	1	3	1	2019	1	1
2108	CP	Zwaenepoel	1	1	1	1	1	3	1	2019	1	1
2109	CP	Zwaenepoel	1	1	1	1	1	3	1	2019	1	1
2110	CP	Zwaenepoel	1	1	1	1	1	3	1	2019	1	1
2111	CP	Zwaenepoel	1	1	1	1	1	3	1	2019	1	1
2112	CP	Zwaenepoel	1	1	1	1	1	3	1	2019	1	1
2113	CP	Zwaenepoel	1	1	1	1	1	3	1	2019	1	1
2114	CP	Zwaenepoel	1	1	1	1	1	3	1	2019	1	1
2115	CP	Zwaenepoel	1	1	1	1	1	3	1	2019	1	1
2116	CP	Zwaenepoel	1	1	1	1	1	3	1	2019	1	1
2117	CP	Zwaenepoel	1	1	1	1	1	3	1	2019	1	1
2118	CP	Zwaenepoel	1	1	1	1	1	3	1	2019	1	1
2119	CP	Zwaenepoel	1	1	1	1	1	3	1	2019	1	1
2120	CP	Zwaenepoel	1	1	1	1	1	3	1	2019	1	1
2121	CP	Zwaenepoel	1	1	1	1	1	3	1	2019	1	1
2122	CP	Zwaenepoel	1	1	1	1	1	3	1	2019	1	1
2123	CP	Zwaenepoel	1	1	1	1	1	3	1	2019	1	1
2124	CP	Zwaenepoel	1	1	1	1	1	3	1	2019	1	1
2125	CP	Zwaenepoel	1	1	1	1	1	3	1	2019	1	1
2126	CP	Zwaenepoel	1	1	1	1	1	3	1	2019	1	1
2127	CP	Zwaenepoel	1	1	1	1	1	3	1	2019	1	1
2128	CP	Zwaenepoel	1	1	1	1	1	3	1	2019	1	1
2129	CP	Zwaenepoel	1	1	1	1	1	3	1	2019	1	1
2130	CP	Zwaenepoel	1	1	1	1	1	3	1	2019	1	1
2131	CP	Zwaenepoel	1	1	1	1	1	3	1	2019	1	1
2132	CP	Zwaenepoel	1	1	1	1	1	3	1	2019	1	1
2133	CP	Zwaenepoel	1	1	1	1	1	3	1	2019	1	1
2134	CP	Zwaenepoel	1	1	1	1	1	3	1	2019	1	1
2135	CP	Zwaenepoel	1	1	1	1	1	3	1	2019	1	1
2136	CP	Zwaenepoel	1	1	1	1	1	3	1	2019	1	1
2137	CP	Zwaenepoel	1	1	1	1	1	3	1	2019	1	1
2138	CP	Zwaenepoel	1	1	1	1	1	3	1	2019	1	1
2139	CP	Zwaenepoel	1	1	1	1	1	3	1	2019	1	1
2140	CP	Zwaenepoel	1	1	1	1	1	3	1	2019	1	1
2141	CP	Zwaenepoel	1	1	1	1	1	3	1	2019	1	1
2142	CP	Zwaenepoel	1	1	1	1	1	3	1	2019	1	1
2143	CP	Zwaenepoel	1	1	1	1	1	3	1	2019	1	1
2144	CP	Zwaenepoel	1	1	1	1	1	3	1	2019	1	1
2145	CP	Zwaenepoel	1	1	1	1	1	3	1	2019	1	1
2146	CP	Zwaenepoel	1	1	1	1	1	3	1	2019	1	1
2147	CP	Zwaenepoel	1	1	1	1	1	3	1	2019	1	1
2148	CP	Zwaenepoel	1	1	1	1	1	3	1	2019	1	1
2149	CP	Zwaenepoel	1	1	1	1	1	3	1	2019	1	1
2150	CP	Zwaenepoel	1	1	1	1	1	3	1	2019	1	1
2151	CP	Zwaenepoel	1	1	1	1	1	3	1	2019	1	1
2152	CP	Zwaenepoel	1	1	1	1	1	3	1	2019	1	1
2153	CP	Zwaenepoel	1	1	1	1	1	3	1	2019	1	1
2154	CP	Zwaenepoel	1	1	1	1	1	3	1	2019	1	1
2155	CP	Zwaenepoel	1	1	1	1	1	3	1	2019	1	1
2156	CP	Zwaenepoel	1	1	1	1	1	3	1	2019	1	1
2157	CP	Zwaenepoel	1	1	1	1	1	3	1	2019	1	1
2158	CP	Zwaenepoel	1	1	1	1	1	3	1	2019	1	1
2159	CP	Zwaenepoel	1	1	1	1	1	3	1	2019	1	1
2160	CP	Zwaenepoel	1	1	1	1	1	3	1	2019	1	1
2161	CP	Zwaenepoel	1	1	1	1	1	3	1	2019	1	1
2162	CP	Zwaenepoel	1	1	1	1	1	3	1	2019	1	1
2163	CP	Zwaenepoel	1	1	1	1	1	3	1	2019	1	1
2164	CP	Zwaenepoel	1	1	1	1	1	3	1	2019	1	1
2165	CP	Zwaenepoel	1	1	1	1	1	3	1	2019	1	1
2166	CP	Zwaenepoel	1	1	1	1	1	3	1	2019	1	1
2167	CP	Zwaenepoel	1	1	1	1	1	3	1	2019	1	1
2168	CP	Zwaenepoel	1	1	1	1	1	3	1	2019	1	1
2169	CP	Zwaenepoel	1	1	1	1	1	3	1	2019	1	1
2170	CP	Zwaenepoel	1	1	1	1	1	3	1	2019	1	1
2171	CP	Zwaenepoel	1	1	1	1	1	3	1	2019	1	1
2172	CP	Zwaenepoel	1	1	1	1	1	3	1	2019	1	1
2173	CP	Zwaenepoel	1	1	1	1	1	3	1	2019	1	1
2174	CP	Zwaenepoel	1	1	1	1	1	3	1	2019	1	1
2175	CP	Zwaenepoel	1	1	1	1	1	3	1	2019	1	1
2176	CP	Zwaenepoel	1	1	1	1	1	3	1	2019	1	1
2177	CP	Zwaenepoel	1	1	1	1	1	3	1	2019	1	1
2178	CP	Zwaenepoel	1	1	1	1	1	3	1	2019	1	1
2179	CP	Zwaenepoel	1	1	1	1	1	3	1	2019	1	1
2180	CP	Zwaenepoel	1	1	1	1	1	3	1	2019	1	1
2181	CP	Zwaenepoel	1	1	1	1	1	3	1	2019	1	1
2182	CP	Zwaenepoel	1	1	1	1	1	3	1	2019	1	1
2183	CP	Zwaenepoel	1	1	1	1	1	3	1	2019	1	1
2184	CP	Zwaenepoel	1	1	1	1	1	3	1	2019	1	1
2185	CP	Zwaenepoel	1	1	1	1	1	3	1	2019	1	1
2186	CP	Zwaenepoel	1	1	1	1	1	3	1	2019	1	1
11000	CA	Kersselaerspleyn	1	1	1	1	1	3	4	2020	1	1
31000	CA	Hannecart	1	1	1	1	1	3	3	2021	1	1
41000	CA	Rodebos KV1	1	1	1	1	1	3	3	2021	1	1
43000	CA	Rodebos KV2	1	1	1	1	1	3	3	2021	1	1
51000	CA	Walenbos KV1	0	0	0	0	0	3	NA	NA	0	0
53000	CA	Walenbos OT	0	0	0	0	0	3	NA	NA	0	0
